"На встрече в Минусинске был полный зал. Видно, что у людей наболело. И я их прекрасно понимаю. Часто бывал в городе в разные годы и знаю, как здесь обстоят дела с дорогами, экологией и здравоохранением. 

Не менее важен вопрос открытости местных властей людям. Руководство района и города обязано работать в прямом диалоге с людьми. Я требую от глав полной открытости к жителям и добьюсь её."
"Приезжал в Школу молодого педагога, чтобы обсудить с учителями значимые для них вопросы. В первую очередь всё то, что касается мер поддержки наших педагогов. 

Районы и школы обязаны создать условия для качественной работы молодых специалистов. Соответствующую задачу главам я поставил. За выполнением прослежу. С учителями буду встречаться ещё не раз."
"Национальные проекты должны улучшить ситуацию в крае к следующему году. Их надо выполнить в срок. Поставил такую задачу Минстрою и Минздраву.

Требую персональной ответственности за реализацию нацпроектов. Каждый объект – это строчка с конкретным именем, фамилией и отчеством. По результатам этой работы буду принимать кадровые решения."
"Личные приёмы важны для меня не только как возможность адресно помочь людям, но и как способ свериться с реальностью. В отчётах, планах и проектах вижу одно, в жизни – другое. 

Детская площадка. Связь в отдалённом селе. Найти компьютер семье, чтобы дети могли хоть иногда поговорить с находящимся на СВО отцом. 

Это не мелочи. Для вот этого конкретного мальчика сейчас важнее всего на свете поговорить с папой. А без связи в селе людям как жить?

Буду проводить такие приёмы регулярно."
"В день семьи, любви и верности поздравил семью Олехнович с победой в первом этапе конкурса Семья года. У Алексея и Ирины шестеро детей. Растить и воспитывать их не всегда просто.

Но Олехновичи хорошо справляются. Старшие помогают родителям с младшими, и все живут дружно. Будем на них равняться."
"Проверил, как идёт строительство двух важных дорожных объектов. По трассе Красноярск - Элита вопросов нет. Дорожники с поставленной задачей справляются. 

Развязку в районе Дрокино (дорога в аэропорт) делают с существенным нарушением сроков. Будем менять подрядчика."
"Президент Владимир Путин подписал указ о присвоении звания Героя России жителю Канска Олегу Ликонцеву. Эту высшую государственную награду наш земляк заслужил своими подвигами в тяжёлом бою.

Батальон сибирских добровольцев во главе с комбатом Ликонцевым 16 часов подряд отбивал атаки многократно превосходящих сил противника. Наши бойцы удержали позиции под ударами артиллерии, танков, дронов-камикадзе и штурмовиков противника.

Когда враг выдохся, добровольцы сами поднялись в атаку и отбросили его на половину километра назад. 

Я от всей души поздравляю Олега Валерьевича Ликонцева с заслуженной наградой."
"Поговорил с журналистами сразу двух газет. Ответил на вопросы о медицине, нехватке школ и детсадов, дорогах, поездках в районы, встречах с людьми, мостах, выпускниках, 400-летии столицы края и моей прописке в крае.

Полные версии интервью скоро выйдут в газетах."
"Продолжаем обновлять общественный транспорт в городах и районах края. Большую партию из 146 автобусов приобрели за счет краевого бюджета. ЛиАЗы, а также ПАЗы и ГАЗели отправятся туда, где автопарк сильно изношен. 

Однако темпы обновления транспорта необходимо ускорять. Дополнительно к нашим краевым деньгам одни из первых в России получили 1 миллиард рублей из федерального бюджета на обновление транспорта. 
На них в этом году закупим еще 93 автобуса, которые будут работать на пригородных и междугородных маршрутах, в городах и сельской местности. 

Важно, чтобы люди в нашем крае могли передвигаться с комфортом."
""
""
"Второй день работаем с нашим земляком, вице-премьером российского правительства Александром Новаком. 

Вчера в Красноярске провели совещание по подготовке к 400-летнему юбилею краевой столицы. За ближайшее пять лет город должен серьезно преобразиться. Важно создать качественную инфраструктуру с запасом, на вырост. Так, как это делали в советское время. Вице-премьер пообещал поддержать наши инициативы на самом высоком уровне. 

Сегодня работаем в Норильске. 
В самом северном городе края идет большая программа реновации, которую совместно проводят компания Норильский никель, федеральные и региональные власти. Уже сейчас заметно, как возникает новый образ города. 
На Надеждинском заводе заслушали доклад руководства комбината о подготовке запуска в этом году первой очереди так называемого серного проекта, который должен существенно улучшить экологическую ситуацию в Норильске."
"Пятницу вместе с вице-премьером Александром Новаком провели в Норильске. 

Город меняется. Запущена большая реновация. Уже работает многопрофильный центр соцобслуживания. Начато строительство нового образовательного комплекса на 1100 мест, возводят поликлинику, идет реконструкция здания под детский сад. Не за горами появление ледовой арены и бассейна. 

Меняется и городская среда – в Норильске обустраивают пешеходную улицу, благоустраивают дворовые и общественные территории. 

Впервые за много лет в Норильске идет возведение жилья. Первую девятиэтажку достроят уже в этом году. Видно, что строители стараются все сделать в срок.

Как и у всех норильчан, у меня есть вопрос: Что будет с экологией в Норильске?. Проинспектировали, как идет работа по серному проекту. В сентябре компания Норильский никель обещает запустить первый комплекс, это должно улучшить экологическую ситуацию в городе. Выбросы диоксида серы снизятся почти в два раза.

Перемены заметны, но сделать нужно еще очень много."
С Днём металлурга!
"Сегодня вынес на обсуждение с членами правительства вопросы строительства дорог в крае. Эта тема волнует жителей, я вижу это в ваших обращениях. 

Мы выделяем немалые средства на строительство и ремонт дорог, большая поддержка идет от федерального Правительства. Задача ответственных за эту работу - строить качественно и в разумные сроки. 

Есть отдельные случаи, когда даже с деньгами кто-то не успевает построить дороги, которых так долго ждут. Это недопустимо! Если чиновники не умеют планировать работу, будем помогать тем, кто с этим справляется лучше."
"На штабе по строительству метро разобрали все сложные вопросы, требующие немедленного решения. 

Наконец-то перешли от слов к делу - подрядчики работают активно, однако темпы работы нужно увеличивать и устранить имеющиеся разногласия. Буду лично это контролировать и требовать от всех участников строительства. 

Красноярцы ждут метро давно."
"Проверил, как идет строительство поликлиники на Пашенном. 

Микрорайон растет, и поликлиника там давно нужна. Подрядчик обещает закончить работы за год. 

Уже сейчас важно определить, как будет организовано благоустройство, парковочное пространство, да и в самой поликлинике все должно быть по уму, чтобы красноярцам было удобно туда обращаться.

Проблема с поликлиниками есть и в быстрорастущем микрорайоне Солнечном, в котором проживают 90 тысяч человек. Найдем средства, будем решать. 

В этом году в Красноярске отремонтируют пять поликлиник. По краю капремонт проведем в 16 учреждениях."
"Обсудили с министром здравоохранения Михаилом Мурашко ситуацию в здравоохранении Красноярского края. Эта тема входит в топ обращений жителей в социальных сетях, решению накопившихся проблем будем уделять особое внимание. 

Пригласил министра в августе приехать к нам в край. Вместе будем разбираться в вопросах, о которых вы пишете."
"Сегодня узнал, что мой друг и коллега Сергей Сокол, с которым мы много лет вместе проработали в администрации Красноярского края,  Аппендицит, перитонит. Насколько я знаю, операция прошла хорошо, и Сергей Михайлович идет на поправку.

Он всегда отличался характером и выдержкой. Знаю, что он один из первых отказался от брони, положенной депутатам Госдумы, и, подписав контракт, отправился на фронт, где прослужил почти полгода. Поэтому я лично уверен в том, что со здоровьем все у него будет хорошо. 

Желаю поскорее вернуться в строй и продолжить работу на благо Хакасии, где в 2021 году он избрался в Госдуму по одномандатному округу. Уверен, что нас ждет еще много перспективных совместных проектов впереди."
"С министром экономического развития РФ Максимом Решетниковым в Москве обсуждали реализацию национальных проектов в регионе. 

Тема важная. От того, как мы работаем в этом направлении, зависит качество жизни людей - какие будут дороги, в каких больницах будем лечиться, какое образование получат наши дети и множество других факторов. 

Считаю, что исполнение поставленных показателей по нацпроектам - залог улучшения жизни красноярцев."
"Дорогие друзья, в этот четверг, 27 июля, в 19.00, проведу очередной прямой эфир. В это время буду работать в Норильске, так что он впервые пройдет из нашей северной столицы.

Буду с вами на прямой связи в соцсетях: 

ТГ: 
ВК: 
ОК: 

Отвечу на вопросы, которые вы напишете под этим постом."
"Сегодня весь день работал в Железногорске. Высокие технологии на предприятиях, увлечённые своей работой люди, но город способен на большее. Его точно можно и нужно развивать, и вместе с жителями мы сможем это сделать.

Железногорску пора наверстать упущенное. Нужны совместные усилия краевого правительства, градообразующих предприятий, муниципальных властей и Росатома. Тогда амбициозные планы по превращению города в научный и технический центр края станут реальностью."
""
""
"Вчера работали в Норильске с премьер-министром России Михаилом Мишустиным. Рассказал, какие вопросы и проблемы волнуют жителей, что требует особого внимания – это экология, жилищно-коммунальное хозяйство, дороги. 

Много усилий сейчас прилагаем, чтобы медицинские специалисты ехали в районы, и у них была мотивация там оставаться. А для этого должны быть социальная поддержка, жилье, должная инфраструктура и благоустройство в территориях края. 

Федеральный центр готов нам помочь с развитием авиационного сообщения, Высокогорским мостом, строительством метро, благоустройством Красноярска в рамках подготовки к 400-летию, а также с другими масштабными проектами."
"Встреча в Норильске шла два часа. Много обращений про проблемы вахтовиков, ремонт школ, дороги, благоустройство, помощь семьям участников СВО, развитие городов.

На часть вопросов ответы дал сразу, остальные взяли в работу. На встречу пригласил также главу Норильска и руководителей крупнейших предприятий. Пусть решают накопившиеся проблемы.

Также обязал глав всех муниципалитетов края напрямую работать с обращениями людей."
"Во время прямого эфира в Норильске обсудил с жителями проблемы и пути их решения по работе недобросовестных УК, благоустройству дворов и другие. 
Подробности в видео"
"Требую от власти открытости к людям. Обязал глав муниципалитетов и краевых министров работать с обращениями жителей края напрямую. И отчитываться о результатах этой работы как мне, так и людям."
"В Красноярске есть несколько новых микрорайонов без должной социальной инфраструктуры. Кто-то замечательно сэкономил на школах, детских садах, больницах и других важных объектах.

Поручил главе города найти землю под строительство инфраструктуры. Будем спасать людей, ставших заложниками этой ситуации. За три года закроем потребность в школах.

И практику безответственной выдачи разрешений на строительство прекратим."
"Сегодня работаем в крае вместе с помощником Президента России Максимом Станиславовичем Орешкиным. Начали с осмотра аэропорта Красноярск, обсудили перспективы развития краевой авиации, расширение маршрутной сети. Наша задача – создать здесь, в столице Сибири, ключевой воздушный узел всего федерального округа. 

Сегодня же успели ознакомиться с важнейшими проектами в северных территориях региона. Показал помощнику Президента Высокогорский мост, предприятия лесопромышленного комплекса и цветной металлургии. 

Продолжим работу завтра. В планах встреча с представителями крупнейших промышленных предприятий края и предпринимателями. Обязательно поговорим о развитии нашего Университета. Максим Станиславович готов обеспечить поддержку нашим инициативам на самом высоком уровне."
"Второй день работаем в крае с помощником президента Максимом Орешкиным. Приехали на стратегически значимые для нашей страны предприятия.

Красмаш делает ракетно-космическую технику, НПП Радиосвязь – навигационную аппаратуру и оборудование связи для нашей армии, КЦЗМ - изделия из драгоценных металлов.

Затем познакомил Максима Станиславовича с ключевыми проектами Сибирского Федерального Университета. Особое внимание уделили разработкам инженерно-строительного института, института нефти и газа, а также лаборатории технологий информационного моделирования.

У нас есть возможность развивать высокотехнологичные производства, готовить специалистов, двигать вперёд науку и промышленность. Федеральная поддержка ускорит это развитие и сделает его непрерывным."
"Сегодня наша страна отмечает День Воздушно-десантных войск. Поздравляю всех, кто связал свою жизнь с крылатой пехотой!

Для каждого из вас тельняшка и голубой берет имеют особый смысл. В боевом братстве ВДВ – люди крепкие телом и сильные духом, настоящие патриоты. Вас отличает высокая профессиональная выучка, готовность выполнить любую задачу.

В ходе специальной военной операции на Украине российский десант показал, что является одним из самых боеспособных родов войск. В его рядах и наши земляки Сергей Михайлов, Алексей Федоренко, Сергей Глазер и многие другие, которые проявили отвагу и отмечены государственными наградами.

Дорогие друзья! Желаю вам доброго здоровья и успехов на службе. Счастья и благополучия родным и близким!"
"Сегодня Президент страны Владимир Владимирович Путин вручил звезду Героя России нашему земляку Олегу Ликонцеву из Канска.

Олег – командир батальона Сибирь, который успешно выполняет боевые задачи в ходе специальной военной операции. Высшую государственную награду получил за подвиги в тяжелых боях под Артемовском. Впервые звание Героя России присвоено казаку-добровольцу.
Олег, мы гордимся тобой! Так держать!"
"Проверил, как идет ремонт дорог в Красноярске. Особое внимание уделил участкам, по которым получал от вас обращения и жалобы. Работа идет, подрядчики стараются уложиться в срок. 

Пока погода позволяет, нужно сделать максимум, решить все наболевшие вопросы. На красноярские дороги выделяем дополнительно 511 млн рублей. Соответствующие решения должны оперативно оформить краевые и муниципальные органы власти.  

Обязал исполнителей придерживаться комплексного подхода - делать сразу дорожное покрытие, бордюры, тротуары, парковочные карманы. Качество работ будем жестко контролировать. Если где-то увидим недочеты, то переделывать подрядчик будет за свой счет."
"Обсудили с министром экономического развития Максимом Решетниковым предстоящее закрытие старых и создание новых экологически чистых производств КРАЗа. Заводы в Красноярске будут работать только по современным экологичным технологиям, и никак иначе.

Это моя принципиальная позиция, которую разделяют и представители федеральной власти, и руководители краевых предприятий."
"Заслушал доклад главы Канска по ситуации со взрывом газа. Все семьи из пострадавшего подъезда будут размещены в пункте временного содержания.

Некоторые жители приняли решение разместиться у родственников. Для всех остальных будет организовано горячее питание. 

С причинами взрыва разбираются правоохранительные и надзорные органы. Поставил задачу краевым и муниципальным властям в ближайшее время отремонтировать пострадавшие квартиры. 

Лично приеду в Канск в ближайшие дни. На месте проверю, как организована помощь пострадавшим семьям. Слава Богу, что обошлось без жертв."
"С министром экономического развития России Максимом Решетниковым мы проработали несколько ключевых для края тем:

- перевод предприятий на экологичные методы производства 

- развитие промышленности

- дальнейшие перспективы технологической долины и привлечение инвесторов 

Промышленность – основа экономики Красноярского края. Именно заводы дают рабочие места, зарплаты, средства на строительство больниц, школ и детсадов, оплату труда врачей и учителей.

Поэтому мы укрепляем промышленность в первую очередь. Министерство экономического развития России оказывает нам поддержку в этом вопросе."
"Встретился с жителями, пострадавшими при взрыве бытового газа в Канске. Главная задача сейчас  максимально быстро устранить все последствия и провести ремонт дома, пока не начались холода. У жильцов должен быть полный календарный план всех работ, контролировать ход исполнения буду лично. 

Однако устранением последствий и помощью пострадавшим мы не ограничимся  важно извлечь уроки из произошедшего и наказать виновных. В организации, которая проводила работы, проводятся служебные проверки. Первые кадровые решения уже приняты. Уволен начальник производственно-технического отдела, часть сотрудников уже отстранены. В отношении руководителей проверки еще ведутся, если будет установлена их вина  никто от ответственности не уйдет."
"Чтобы учителя и врачи приезжали работать в районы и города края, им нужно создавать достойные условия жизни. Главы должны быть в этом заинтересованы. Сегодня в Канске заехал на стройплощадку новой пятиэтажки. Дом почти готов. Совсем скоро 64 квартиры передадим нашим врачам, учителям и детям-сиротам. 

На осмотр пригласил будущих жильцов, вместе посмотрели планировку, оценили качество работ. Обратили внимание на подъездную дорогу. К сдаче дома глава города обещал привести ее в порядок. Держу этот момент на контроле.

Такие объекты нужны многим нашим районам, и важно, чтобы они сдавались в срок и в хорошем качестве."
"В Канске запланирован плотный рабочий график, но мне пришлось его скорректировать. Жительница Канска Светлана позвала в свой двор, где местные власти пять лет игнорируют просьбы сделать хорошую площадку для детей. 

Управляющая компания бездействует, городская администрация на это не влияет, а в итоге дети этого двора играют рядом с железной дорогой и без нормальных, современных условий. 

Если УК не слышит людей, то им на помощь должны приходить местные чиновники. Требую от администрации Канска обеспечить безопасность детей и решить вопрос с оснащением детской площадки как можно быстрее."
"Как и обещал, приехал в Канск и Канский район. Эту поездку планировал давно, но ЧП с газом внесло коррективы в её график.

Встретился с жильцами пострадавшего от взрыва дома. Выслушал людей, рассказал им о принимаемых мерах по восстановлению жилья. Всех виновных в ЧП привлечём к ответственности. 

Разбирался с жалобой на нехватку мест в детском саду в Филимоново. Строим новое здание, чтобы расширить дошкольное учреждение и решить этот вопрос.

В канском детсаду Малышок другая проблема. Там течёт кровля. Поручил отремонтировать её до первого сентября.

На встречу с жителями пришло более 600 человек. Вопросов много. На некоторые из них ответил сам. На другие потребовал ответа от присутствовавшего в зале главы города Канска.

Одно из обращений было по созданию южного обхода города. После встречи съездил на этот объект с инспекцией. Мост через реку Кан и 18 километров дороги строят строго по графику.

Про ситуацию с отсутствующей детской площадкой и играющими около железной дороги детьми уже рассказывал. Распорядился сделать всё в сжатые сроки.

Буду приезжать в Канск регулярно. Информацию о встречах с жителями поручил публиковать заранее, чтобы все желающие могли прийти."
"Вместе с министром сельского хозяйства России Дмитрием Патрушевым посетили сельхозпредприятия, которые задают планку для всего края и помогают нам оставаться в лидерах среди сибирских регионов.

В Красноярском крае сформирован мощный научный потенциал для развития сельского хозяйства. Аграрный университет, наши технические вузы, Академгородок тесно работают с аграриями. Совместными усилиями открываются селекционные центры, которые создают урожайные районированные семена.

Обсудили с министром и планы по развитию агропромышленного комплекса региона. В ближайшие несколько лет планируем реализовать в крае 38 инвестпроектов  от обновления фабрик и хранилищ до создания нового комплекса по переработке зерна."
"Подготовку к празднованию 100-летия со дня рождения Виктора Астафьева обсудили с министром культуры России Ольгой Любимовой.

В следующем году по всей стране пройдут фестивали, концерты, лекции и выставки, посвященные юбилею Виктора Петровича. Разумеется, главным центром праздника станет Овсянка  родное село писателя. Уже в следующем году там откроется Национальный центр Астафьева.

Еще одной темой стало обновление наших учреждений культуры. В рамках нацпроекта Культура идут работы в ТЮЗе. А ремонт здания Красноярского государственного театра оперы и балета им. Д. А. Хворостовского планируем сделать до празднования 400-летия Красноярска."
"Много лет играю в баскетбол и очень его люблю. Занимаюсь не профессионально – для себя. Командные игры объединяют и заряжают позитивом. Поддерживать себя в спортивной форме под силу каждому из нас.  
 
Очень рад, что все больше жителей края выбирают здоровый образ жизни, практически каждый второй занимается спортом! Для этого строим площадки ГТО, спортивные комплексы в разных городах и районах. Ежегодно – более 60 новых объектов. 
 
Для всех, кто дружит со спортом, сегодня особенный день. С праздником вас, с Днем физкультурника!"
"Сегодня с зампредседателя Правительства России Маратом Хуснуллиным работаем в Красноярске. Марат Шакирзянович на федеральном уровне курирует стройку красноярского метро. Вместе проехали по всем площадкам и посмотрели, как идут работы. Самая активная стадия сейчас на улице Молокова. Здесь строители уже приступили к возведению котлована. На остальных площадках идет подготовка  - завозят технику, выносят сети, проводят исследования. 

Подрядчики подтвердили изначальные сроки строительства – 2026 год.

Поднял и другие темы, в частности развитие аэропорта и автодорожной инфраструктуры, строительство качественного жилья. По всем вопросам были получены заверения в поддержке Правительства России.

Как верно отметил Марат Шакирзянович, самый тяжелый путь  начало, и мы его уже преодолели."
"  Красный Яр вышел в полуфинал Кубка России по регби. На своем поле обыграли новокузнецкий Металлург 38:14
Мои поздравления ребятам!

Получил непередаваемое удовольствие от игры. Удачи в следующей с Пензой!"
""
""
""
"Сегодня выступал перед участниками проекта ГосСтарт  молодыми людьми, госслужащими, из регионов Сибири и Дальнего востока. Некоторые из них только начинают свой путь на государственной службе. 

Проект поддерживает Министерство науки и высшего образования России и АНО Россия – страна возможностей. И без преувеличения он является кузницей молодых управленческих кадров.

Для меня важно на своем примере показать новому поколению, что в основе государственной службы лежит служение людям и их интересам. Сегодня есть запрос не только на открытость нашей работы, но и на то, чтобы учитывалось каждое мнение."
"Поручал главам всех муниципалитетов лично работать с обращениями людей. 

Вчера по этой задаче заслушал подробный доклад главы Красноярска Владислава Анатольевича Логинова. 

Отдельно обсудили вопросы по строительству школ в городе и защите прав граждан, дома которых предполагается расселить в Николаевке. 

Комплексное развитие территорий города Красноярска должно идти таким образом, чтобы интересы всех жителей были защищены. Застройщик реализует свой коммерческий проект, но социальную ответственность с него никто не снимал. Мэрии дано поручение оказать поддержку жителям Николаевки. Все должны получить справедливую цену на свое жилье, никто не должен остаться на улице. 

Аналогичные отчеты буду регулярно получать и от мэра Красноярска, и от всех других глав. 

Власть обязана слышать людей и работать для них."
""
"На Минусинском инвестиционном форуме собралось более 400 специалистов из разных регионов и стран. Вместе мы разрабатываем стратегические решения, которые лягут в основу будущего южной столицы края, улучшат жизнь в Минусинске и привлекут сюда новых людей. 

Потому что сейчас в городе, спроектированном на 350 тысяч жителей, фактически их намного меньше. Чтобы исправить эту ситуацию, нужны перемены в здравоохранении, образовании, дорожном строительстве, социальной инраструктуре, и других ключевых сферах. В том числе и в экологии, потому что без решения этого вопроса сюда просто никто не поедет.

Некоторые проблемы уже частично решены в рамках подготовки к 200-летнему юбилею. Но это не столько развитие, сколько наверстывание упущенного в предыдущие годы. Годы, когда наш регион участвовал только в трети федеральных программ и потому недополучал колоссальные ресурсы.

Пора двигаться вперед. Начать следует с создания комплексного плана развития города, как в Норильске. Разработать план, включающий в себя ресурсы федерального, регионального и местного уровня. И реализовывать этот план, во-первых, настойчиво. Во-вторых, трезво понимая, что дорогу осилит идущий. Когда нас встретят какие-то трудности – а они неизбежно случатся – нужно сплачиваться и уверено делать следующий шаг. 

В этом и есть наша стратегическая задача. Уверен, вместе мы с ней справимся."
"Во время прогулки по Минусинску встретил нашего чемпиона мира по боксу Марка Петровского. 
Марк получил высшее образование в Москве, но вернулся в родной город. Он считает, что Минусинск преображается, и лучше малой Родины места нет.

Полностью согласен с Марком. Минусинск действительно стал лучше. Однако останавливаться на достигнутом нельзя. Многое ещё предстоит сделать."
"Развитие юга края стало центральной темой последних дней. Об этом мы говорили и на Минусинском инвестиционном форуме, и на встрече с главами городов и районов.  
 
Все, что нужно для экономического и социального роста на юге края, уже есть  это и крупные предприятия, и необходимые ресурсы, и инвестиционный потенциал.  
 
В пример приведу соседний Курагинский район и его предприятие Березовское. За 20 лет работы оно разрослось на 5 населенных пунктов и теперь не только обеспечивает местных жителей рабочими местами, но и оказывает финансовую поддержку в благоустройстве сел и деревень. Таких предприятий в нашем крае должно быть больше. 
 
Отдельно хочется поблагодарить всех, кто принимал участие в создании праздника в честь 200-летия Минусинска. Город заметно преобразился, это отметили многие гости, которые приехали на юбилей."
"Приехал в Солнечный, чтобы с жителями обсудить развитие этого микрорайона. Многоквартирных домов здесь достаточно, а школ и поликлиник не хватает. Поручил приостановить выдачу разрешений на строительство новых домов в Солнечном, пока не разберемся с социальной инфраструктурой.

Остро нуждается в новой школе 5-й микрорайон. Подготовка к строительству идет, вносятся изменения в проект планировки. В следующем году будет готова школа в 3-м микрорайоне.  

Много жалоб от жителей, что действующая поликлиника не справляется с потоком людей. Сегодня выбрали площадки, где можно построить новую поликлинику. Вместе с жителями примем окончательное решение, какое место наиболее удобно. 

Проверил, как благоустраивают парк Солнечная поляна, основные площадки готовы. Рядом ведется строительство бассейна. Хороший пример работы. Место востребовано местными жителями. 

На футбольном поле Ротор пообщался с юными спортсменами. Им очень недостает теплых раздевалок. Поручил мэру Красноярска Владиславу Логинову решить этот вопрос, чтобы детям было комфортно заниматься. 

Эти и другие вопросы обсудили на встрече с жителями. Солнечным нужно плотно заниматься, поэтому поручил городу ввести должность заместителя мэра, курирующего развитие красноярской агломерации. Новая структура будет заниматься всеми территориями агломерации, но базироваться должна в Солнечном. Так проблемы людей будут понятнее, а значит, и решаться будут быстрее."
"Сегодня День государственного флага. 

По традиции на площадке перед СФУ с курсантами и студентами участвовал в праздничной церемонии. Вместе с Романом Саютиным, участником спецоперации, награжденным медалями Суворова и За отвагу, торжественно подняли российский триколор.

Уважение к флагу  это уважение к своей истории, культуре и традициям, это знак сильной и независимой страны.

С праздником, друзья!"
Подписал распоряжение о сокращении численности госаппарата на 5%
"Отправили очередную партию техники нашим бойцам в зону СВО. Более 20 УАЗов, рации, квадрокоптеры, прицелы и другую экипировку. Все это поможет ребятам на передовой.

Наши защитники пусть служат достойно, а мы позаботимся об их семьях."
"Сегодня обсудил с министром транспорта России Виталием Савельевым несколько ключевых для края вопросов.

Поток на федеральной трассе Сибирь у нас всегда стабильно большой. Чтобы движение на особо аварийных участках стало более безопасным, необходима реконструкция и увеличение дороги до четырех полос. Виталий Геннадьевич поддержал - проектирование начнется уже в следующем году. А в 2025 году нас ждет реконструкция более 25 км трассы. 

Еще один вопрос – острая необходимость обходов вблизи Ачинска и Нижнего Ингаша. По федеральной дороге через эти населенные пункты движется много крупного транспорта. Жители не раз жаловались, что дороги быстро приходят в негодность. Рассказал об этой проблеме министру транспорта. Он дал поручение Росавтодору начать проектирование и определить сроки строительства обходов."
"Сегодня  в Красноярске на проспекте Мира приступили к сносу здания так называемого  Кантри. 
Большинство красноярцев были против этого строения. И у меня этот объект вызвал недоумение и вопрос, как он мог вообще появиться в этом месте города? 

Собственники здания вели затяжную борьбу, но благодаря слаженным действиям прокуратуры края, региональных и муниципальных властей удалось добиться решения, которого все давно ждали! 

Здание перестанет уродовать исторический центр города. Чему я очень рад!"
""
""
"На заседании Президиума правительства обсудили осеннюю корректировку бюджета.  
Основная часть всех изменений основана на ваших обращениях, которые я получал в ходе поездок по территориям края, а также через социальные сети. 

Значительную сумму направим для формирования резерва на повышение зарплаты бюджетников с января 2024 года. 

Завершим по краю строительство 7 новых поликлиник и больниц, 8 амбулаторий, 10 образовательных учреждений и 16 жилых домов для детей-сирот. 
Построим 4 новых спортивных площадки и оздоровительных комплекса. 

Много езжу по краю и вижу, сколько проблем в районах с дорогами. На их ремонт направим дополнительно 1 млрд рублей. Жители обозначили, где это нужно сделать прежде всего.

Благодаря существенной федеральной поддержке отремонтируем часть муниципальных котельных и приобретем еще 93 автобуса, которые будут работать на междугородных маршрутах. 

Направим дополнительные ресурсы на обеспечение людей льготными лекарствами. Также сохраним стоимость услуг ЖКХ и проезда в транспорте без изменений.

Поручил новый бюджет на ближайшие три года сформировать по такому же принципу – с ориентиром на ваши обращения, чтобы решить наболевшие проблемы."
"Еще одну большую партию пассажирского транспорта передали в районы и города края. 
Вместо старых автобусов на маршруты выйдет 121 современный ЛиАЗ и ПАЗ. С комфортом смогут ездить люди разного возраста и состояния здоровья.  

Решено несколько утепленных автобусов отправить на север – в Хатангу. Также машины будут работать в Мотыгинском и Енисейском районах, в Железногорске, Зеленогорске, Красноярске. Всего в этом году обеспечим новым пассажирским транспортом 13 муниципалитетов."
"Отправили помощь Приморскому краю. Там из-за сильнейших ливней и паводков объявлен режим ЧС. Губернатор Олег Кожемяко обратился с просьбой помочь устранить последствия - нужны тепловые пушки, чтобы просушить пострадавшие от наводнений дома. 

Поручил выделить из краевого резервного фонда 84 такие пушки. Их спецбортом МЧС уже доставили во Владивосток. Дальше груз распределят по самым пострадавшим районам Приморского края."
"Провел личный прием жителей нашего края. Светлана из Богучанского района попросила обеспечить их посёлок Кежек мобильной связью и интернетом. Юлия из Шушенского взволнована неясной ситуацией с закупкой жизненно важного для неё заграничного лекарственного препарата. Елена из села Ванавара сообщила об отсутствии в больнице их населенного пункта современного рентгеновского аппарата.

По всем трём обращениям мы, безусловно, отработаем в ближайшее время. Но эти частные вопросы ещё раз показывают: в нашем крае есть проблемы с цифровизацией отдаленных посёлков, обеспечением лекарственными препаратами и оснащением больниц современной медицинской аппаратурой.

Это системные проблемы, и решаем мы их сейчас тоже системно. При этом такую работу необходимо сочетать с постоянным вниманием к частным вопросам жителей края.

Приём граждан будем проводить регулярно - и я лично, и члены Правительства края, и главы муниципальных образований."
"Сегодня собрал подрядчиков, чтобы проконтролировать, как идет строительство красноярского метро. Такие штабы проводим регулярно.  Активность строителей последние недели на высоком уровне.
 
На Молокова полностью завершили возведение свайного основания. Сейчас обустраивают монтажный котлован, через который будут вестись подземные строительные работы. Дальше здесь установят тоннеллепроходческий комплекс, и начнем движение в сторону будущей станции на улице Маркса. 
 
Идет подготовка к запуску производства деталей для  тоннелей. Важно, что такой производственный комплекс будет работать в Красноярске, рядом со стройкой – это обеспечит бесперебойное снабжение строительными конструкциями. 
  
Сроки готовности метро у нас прежние – 2026 год. Это подтвердил и вице-премьер Правительства России Марат Хуснуллин во время своего посещения Красноярска."
"На прошедшем личном приеме жительница Шушенского Юлия Герман рассказала о своих детях - Романе, Руслане и Алене. Они хорошо учатся, но для учебы не хватает компьютера.  
   
Успели подарить ноутбук к 1 сентября. Надеюсь, поможет ребятам в учёбе."
"Сегодня Владимир Владимирович Путин провел совещание с членами Правительства России по социально-экономическому развитию Красноярского края. 

Спасибо Президенту за такое внимание к нашему региону! 

 развития Красноярского края, экологию, газификацию, задачи по обновлению социальной и транспортной инфраструктуры. Важно, что по всем вопросам получили поддержку Президента!"
"Особенное событие для всего края – запустили движение по новому Высокогорскому мосту. Строители отлично поработали – удалось завершить возведение на несколько месяцев раньше, чем предусмотрено контрактом. Строительство моста стало возможным благодаря поддержке Президента Владимира Путина. По его поручению 50 процентов средств на возведение моста было выделено из федерального бюджета.
 
Высокогорский – самый северный мост через Енисей, но это не главная его особенность. Он обеспечит круглогодичную транспортную доступность Северо-Енисейского, Енисейского и Мотыгинского районов края. Раньше жители правого берега были отрезаны от большой земли по нескольку  месяцев. Теперь нет проблем с доставкой людей и грузов.

Мост также открывает новые возможности для дальнейшего освоения нашей природной кладовой – Нижнего Приангарья. Здесь сосредоточены большие запасы полезных ископаемых, 25 процентов всего золота в России добывают здесь. Новый мост даст краю новый импульс для активного развития."
"Утром прилетел из Москвы после совещания у Президента и сразу поехал в школу 108 Советского района города Красноярска. Школу хорошо отремонтировали к новому  учебному году.
Пообщался со старшеклассниками о будущем края и выборе профессии. Хочу ещё успеть побывать сегодня в новой сельской школе, открывшейся после строительства  в Манском районе, в селе Тертеж. 

С праздником, друзья, с Днём знаний!"
"Новая школа в селе Тертеж Манского района получилась светлая и уютная! Пообщался с коллективом – очень добрая, воодушевляющая атмосфера. Важно поддержать этот настрой, чтобы молодые специалисты с удовольствием ехали сюда работать."
""
"Мой друг и коллега Сергей Сокол экстренно попал в больницу. Сейчас он в реанимации.

Желаю ему скорейшего выздоровления. Сергей Михайлович настоящий боевой офицер, человек с сибирским характером! Уверен, что очень скоро он поправится. Главное - здоровье, все остальное приложится, как говорят у нас в Сибири."
"Вечером заехал в родной Универ, чтобы поздравить первокуров с началом нового важного этапа в их жизни!"
"Сегодня на партийной планёрке обсудили Народную программу по развитию Красноярска. Жизнь в городе и крае не стоит на месте, поэтому важно регулярно сверять план с пожеланиями людей. 

Программа составлена на основе 15 тысяч ваших обращений по самым разным темам и проблемам в городе. Среди наиболее волнующих сфер -  экология, здравоохранение и образование, благоустройство и коммунальные услуги. Обсудили, как решить многие проблемы. Теперь все предложения необходимо систематизировать по районам и округам. 

Еще раз обозначил коллегам приоритетные направления. Это не работа в кабинетах, а работа с людьми и, прежде всего, решение проблем жителей."
"Новый хоккейный сезон наш Сокол начал с победы. В домашней игре команда победила 3:2 самарский ЦСК ВВС

Хорошее начало! Поздравляю! Вперед, к финалу!"
""
""
""
"Сегодня день работников нефтяной и газовой промышленности. Накануне поздравлял их с профессиональным праздником. 

Сейчас эта отрасль становится крупнейшей в экономике нашего края – на севере идет реализация проекта Восток Ойл. Он включает в себя строительство уникального трубопровода длиной 770 км, по которому нефть будет перегоняться в порт Бухта Север. Здесь возводится глобальный транспортный хаб, имеющий стратегическое значение для развития Северного морского пути. Всего планируется создать 83 тысячи рабочих мест.

Мы по праву гордимся коллективами перерабатывающих и добывающих предприятий нашего региона. Благодаря труду нефтяников развиваются территории, усиливается энергетическая безопасность Красноярского края и России."
"Как и обещал, решаем проблему нехватки школ в краевом центре. Вместе с мэром Владиславом Логиновым проехал по районам города, где их нужно строить. Осмотрел участки на правом берегу в ЖК Мичуринский и в Тихих зорях, на Взлетке в районе Слободы весны и в Покровском. 

Школы нужно было возвести здесь давно - вместе со сдачей жилья, но люди ждут до сих пор. Такая ситуация, к сожалению, во многих новых микрорайонах, и ее нужно решать.

Сейчас подбираем свободные земельные участки, приступаем к проектированию, чтобы учебные заведения могли открыться в ближайшей перспективе.  
Поручил уделить особое внимание организации удобных для учеников и родителей подходов и подъездов к школам."
"Заехал на тренировку к юным футболистам на Центральный стадион.

В этом году здесь заменили газон на поле - вместо натурального, с которым было много проблем при нашем климате, уложили искусственный. Сделали систему подогрева поля. На ощупь трава очень схожа с натуральной. 

Ребята из клуба Тотем, которые здесь сегодня играли, довольны."
"Сегодня на заседании Президиума Правительства обсудили задачи, которые нам поставил Президент Российской Федерации на совещании по социально-экономическому развитию Красноярского края.

Наш регион – один из ключевых в стране, мы должны постоянно обеспечивать рост экономики. И здесь важно стимулировать добывающие отрасли, кооперацию бизнеса и углубленную переработку сырья с учетом самых высоких экологических стандартов. Поручил проанализировать, насколько эффективно краевые предприятия сейчас пользуются федеральной поддержкой. 

Особое внимание нужно уделить подготовке востребованных специалистов, их трудоустройству в крае, обеспечить людям достойную зарплату. 

Отдельно обсудили газификацию края. В ближайшее время планируем подписание с Газпромом дорожной карты. Исходим из того, что в 2028 году газ должен быть у потребителей.

Уделили внимание социальной инфраструктуре в наших городах и селах. Площадку Минусинского экономического форума запланировали посвятить развитию опорных населенных пунктов и сделать ежегодной. Над этим работает министерство экономики. А площадке Красноярского экономического форума будет возвращен федеральный статус. Президент эту инициативу поддержал."
"На прошлой неделе Президент России Владимир Владимирович Путин дал старт движению автотранспорта по новому Высокогорскому мосту через Енисей. 
Новая переправа открывает большие возможности для дальнейшего промышленного развития Нижнего Приангарья и северного правобережья Енисея. 
Сегодня в ходе рабочей поездки в Енисейск  и Лесосибирск лично проехал по мосту на автомобиле Москвич. 

Сказал сегодня и слова благодарности в адрес строителей, которые, несмотря на все сложности, смогли сдать мост раньше срока. 
 
Как и любой новый объект, мост теперь нужно обживать. Следующим этапом будем обустраивать дорожную сеть правобережья, чтобы эффективно использовать новую переправу для развития северных районов нашего края."
"Сегодня передали районам края большую партию техники. Это 42 трактора, а также прицепное и навесное оборудование для уборки травы и очистки дорог, опашки населенных пунктов и борьбы с возгораниями. 

В ближайшее время аналогичную спецтехнику получат еще 122 сельских поселения края."
"После осмотра Высокогорского моста заезжал в Лесосибирск. 

Основа экономики города - лесоперерабатывающий комплекс. Важно добиваться глубокой переработки сырья. Это даст и экономический, и социальный эффект. Требую этого от собственников деревообрабатывающих предприятий. Со своей стороны органы власти готовы выступать заказчиками продукции высоких переделов, например домокомплектов для социального жилья. 

В Лесосибирске создаем условия, чтобы люди приезжали сюда жить и работать. Впервые за долгое время в рамках бюджетных инвестиций возводится новый жилой квартал. Проверил качество квартир. В ближайшее время в первые два дома уже заедут новоселы, которых мы переселяем из ветхого жилья. 

Еще один город в графике визита - Енисейск. Он заметно преобразился к 400-летнему юбилею. Но важно не останавливаться. Сейчас наша задача -  развивать социальную инфраструктуру. 

В Енисейске готов новый акушерский корпус, в здании уже установили оборудование. Идет процесс получения лицензии. Планируем, что в самое ближайшее время учреждение начнет работу. Здесь смогут помогать женщинам даже в самых непростых ситуациях. Ездить для этого в Красноярск больше не придется. 
 
На встречах в этих городах поговорили и о других городских вопросах: благоустройстве, состоянии дорог, работе коммунальщиков. 

Проблем в наших северных территориях много. Будем их решать - Север не останется без внимания."
"Встретился с депутатом Госдумы Вячеславом Фетисовым. Обсудили темы, по  которым сейчас в крае идет активная работа.

В частности, развитие детского и профессионального спорта в крае, использование наследия Универсиады, подготовку Красноярска к 400-летию и, конечно, экологию. 

Также Вячеслав Александрович поделился своими впечатлениями от посещения наших Столбов."
"Год назад красноярская спортсменка, мастер спорта международного класса по борьбе Алена Стародубцева спасла человека, который едва не утонул в озере. Она 40 минут делала ему непрямой массаж сердца до приезда скорой. После этого случая Алена начала работать на скорой помощи. Сегодня вручил ей медаль За спасение погибавших.

Среди 51 награжденного представители разных профессий. Для некоторых рисковать своей жизнью, помогая другим, – это часть работы и жизни. Медсестра Нижнеингашской больницы Светлана Лебина в пандемию коронавируса несколько раз работала в красной зоне, спасая больных. Она удостоена Почетной грамоты Президента РФ."
"Впереди насыщенный рабочий день, поэтому проголосовал с утра. На участке пришлось даже постоять в очереди. Рад, что красноярцам небезразлична судьба нашего края. 

Напоминаю, что голосовать можно в течение трех дней - 8, 9 и 10 сентября с 8.00 до 20.00. 

Приходите, сделайте ваш выбор!"
"Закрыли летний сезон на молодежном форуме Бирюса с ребятами из студенческих трудотрядов. У каждого из них получилось очень продуктивное лето. 

Работа в командах - такой студенческий опыт, который запомнится на всю жизнь. Поэтому решено не ограничиваться летним сезоном, а сделать Бирюсу круглогодичной территорией для молодежи. Сейчас здесь обновим инфраструктуру и все подготовим, чтобы в следующем году открыть форум уже в новом формате."
"О поездке в Ачинск. Там накопилось много проблем. Обсудил их с жителями на встрече. Людей волнует состояние дорог, благоустройство города, экология и множество других вопросов. 

В планах на ближайшие пять лет одно из поворотных для края событий – газификация. Линия газопровода пройдет недалеко от Ачинска. Для города это новые возможности. Ачинск должен объединить западные районы и стать их центром.

Дал поручения мэру, все вопросы, о которых говорили с людьми, беру на контроль. Будем часто встречаться."
"Вчера вечером обсудил с руководством национального парка Столбы, что никакой вышки сотовой связи на вершине второго столба быть не может. 

Вопрос безопасности на Столбах, безусловно, важен, однако должно быть найдено техническое решение, которое не уродует национальный парк. 

У меня как у человека, выросшего в Красноярске и любящего Столбы, по этому поводу однозначное мнение."
