"Осмотрел сегодня городские поликлиники Тюмени, которые недавно открылись после капитального ремонта. 

Жители Казарово раньше ездили в город, чтобы попасть на прием к терапевту или педиатру. Мы получали много обращений с просьбой оборудовать филиал в микрорайоне. Как только появилась возможность, выделили средства и переделали здание бывшей сельской школы в отделение поликлиники (дети с 2020 года учатся в новом здании). 

По ремонту в 6-й городской поликлинике обращение поступило на прямую линию в 2021 году. Дал поручение – привести помещение в порядок. Работы здесь начались в сентябре, на сегодня все готово. 

Также побывал в новом корпусе 12-й поликлиники. Он располагается в Восточном округе Тюмени. Сюда переехало детское отделение, здесь же обслуживают взрослых пациентов. Условия хорошие. Светлые просторные коридоры, удобные места для ожидания, очень много современной медтехники. Есть отделение медицинской реабилитации. С помощью новейших технологий врачи восстанавливают здоровье пациентов после тяжелых заболеваний. 

Мы планомерно ведем работу по обновлению медицинских учреждений как в городах, так и в небольших населенных пунктах нашей области. Первичное звено здравоохранения – это первое с чем сталкиваются люди, когда им необходима медицинская помощь."
"Встретился с победителями конкурса грантов для социально ориентированных некоммерческих организаций. Есть одно наблюдение. Авторы проектов искренне болеют за свое дело, живут им. Понимаю в такие моменты, что гранты идут в надежные руки. Тем более все инициативы прошли независимую экспертизу и получили высокую оценку. 

Татьяна Филина, представляющая Тюменскую Дармарку, еле сдерживала слезы – проект Своих не бросаем сейчас помогает беженцам Донбасса и семьям бойцов, участвующих в специальной военной операции. Волонтеры собирают вещи, привлекают психологов. Все истории участники проекта пропускают через себя. Как и сотрудники центра Грин-Ландия, разработавшие реабилитационную программу Equus - Быстрый старт. Специалисты помогают детям с ограниченными возможностями здоровья – на сумму гранта закупят необходимое оборудование и организуют занятия.

Среди победителей конкурса – проекты по 11 направлениям (появилось пять новых). Есть много интересного. Например, криохакинг, школа будущих офицеров Честь имею, спектакль Уральские сказы. Последнее – проект театра Гелиос, предложил им выступить с этой программой на 80-летии Тюменской области в следующем году. 

Со всеми проектами можно ознакомиться . Победителей в этом году 114. Всего на поддержку выделено 85,3 млн рублей. Считаю, что эти средства пойдут на полезные дела. Сегодня убедился в этом лично."
""
""
""
""
""
"Проверил, как в Тюмени ведется реконструкция важных для областной столицы транспортных и социальных объектов: улицы Ленина, развязки на пересечении Мельникайте и Дружбы, новой школы в микрорайоне Тура. 

На улице Народной вместе с коллегами оценили ремонт придомовой территории многоквартирного дома номер 8. Пообщался с местными жителями. Любовь Валеева переехала к нам из Югры, из города Мегиона, а Галина Чиркова – из Тобольска. Обе женщины рады благоустройству своего двора. Здесь заменили асфальт, оборудовали спортивную и детскую площадки, обновили газоны и зеленые насаждения, обустроили уличное освещение. 

В сквере Школьный также полным ходом ведется работа. В старый зеленый массив органично вписались детские и спортивные площадки, место для выгула собак. Реконструкция сквера идет под внимательным общественным контролем, об этом рассказала местная жительница, активистка Наталья Лисовская. Она заверила, что люди довольны проектом и качеством работы.

Обратная связь от земляков и их мнение очень важны. Города Тюменской области с каждым годом становятся уютнее и краше. Это результат нашей общей работы. Будем ее продолжать."
"Сегодня работаю в Казанском районе. Это сельскохозяйственная территория. Поэтому в программе встреча с руководством крупнейших местных агропредприятий. 

Обсудил планы по дальнейшему развитию с руководством компании Агросервис. За последние три года хозяйство увечило посевные площади до четырех тысяч гектаров! Предприятие специализируется на поставках зерна в Ханты-Мансийский автономный округ-Югру. Сотрудничает с сургутской птицефабрикой Белоярочка. 

В компании с уверенностью смотрят в будущее. Вкладывают собственные средства в развитие производственных мощностей. Уже построен сушильно-сортировальный комплекс с двумя хранилищами зерна (каждое по 10 тысяч тонн), возводятся новые ангары. Такие инвесторы у нас на особом счету. Мы продолжим оказывать хозяйству всю необходимую поддержку.

Сегодня также встречусь с руководством Агрокомплекса Маяк."
""
""
""
"В селе Казанском почтил память Героя России Жумабая Раизова. Вместе с его отцом и братом возложили цветы к памятнику на Аллее Славы Героям.  

Жумабаем всегда гордились родные и односельчане. Бесстрашный офицер, десантник-гвардеец, кандидат в мастера по нескольким видам спорта, дважды лучший стрелок ВДВ. Командовал парашютно-десантной ротой в зоне проведения специальной военной операции. Его искренне уважали товарищи по службе. 

Теперь именем героя названы спортшкола в Казанском, детско-юношеский центр Авангард в Тюмени, улица в областном центре. Памяти Жумабая посвящен Кубок Тюменской области по спортивному туризму. Жизнь и боевой путь гвардии старшего лейтенанта Раизова – яркий пример мужества и патриотизма.

Казанская земля всегда была щедрой на отважных и трудолюбивых людей. На Аллее Славы в райцентре установлены памятники пяти Героям Советского Союза и двум Героям Социалистического Труда."
"Накануне во время в Казанский район встретился с Кале и Мариной Чхиквадзе. В мае у них родилась тройня: два мальчика Александрэ, Деметрэ и девочка Эмилия. 

Такое произошло в муниципалитете впервые за 72 года. В 1951-м также была зарегистрирована тройня, и тогда тоже родились два мальчика и одна девочка.  

Чхиквадзе – крепкая и дружная семья. Такие составляют прочную основу нашего общества. Глава семейства – предприниматель, занимается сельским хозяйством и строительством. Пожелал Кале и Марине, любви и терпения, а их малышам – здоровья и счастливого будущего."
"В Армизонском районе сегодня встретился с инициативной группой. Местные жители вяжут маскировочные сети для бронетехники, изготавливают окопные свечи и отправляют все это на передовую. 

Поддержка бойцов, участвующих в специальной военной операции, сплотила жителей района. 

Оказывается, маскировочную сеть плести очень просто. Попробовал сам. Таким образом помочь нашим воинам может каждый."
"В Тюменской области особое отношение к рыбалке. Клевых мест у нас хватает. Например, Армизонский район, где вчера был в рабочей поездке. Пообщался с местными жителями, среди которых много рыбаков.

Пожелал всем хорошего клева!"
"Вот и закончились выпускные экзамены. В этом году в Тюменской области число стобалльников увеличилось на 16. Максимальный результат – у 63 человек. 

Есть и те, кто написал сразу два предмета на все 100. Это 5 выпускников, как и в прошлом году. Итого в нашей копилке 68 стобалльных результатов! Выпускники обязательно получат 100 тысяч рублей за каждые 100 баллов. 

Пусть эти достойные результаты станут стартом в интересной студенческой и успешной профессиональной жизни. Молодцы! Благодарю родителей, педагогов и наставников за терпение, мудрость и поддержку – именно вы стали надежной опорой для наших ребят."
""
""
""
"Встретился с бойцами наших подразделений, которые сейчас находятся в отпуске в Тюмени. Передал им ключи от 9 автомобилей повышенной проходимости. 

Показал, чем мы укомплектовали машины. В каждой – бронежилеты, каски, приборы ночного видения и тепловизионные монокуляры, благодаря чему водитель может видеть и в темноте. Для бойцов инженерной разведки – штурмовые бронежилеты с дополнительной защитой. Для работы в поле – дизельные генераторы, электрический инструмент, расходники для ремонта техники.

Чтобы уберечь экипаж автомобиля от угрозы с воздуха, в каждой машине есть антидроновое ружье. Их производят здесь, в Тюмени. Для защиты добавили специальные накидки-одеяла, которыми можно укутать автомобиль. Так противник не увидит его тепловое излучение.  

Машин три вида: штабные Патриоты для группы управления подразделением, УАЗы-буханки для транспортировки личного состава и УАЗы-фермеры для перевозки имущества и экипировки. Уже скоро техника заступит на службу в подразделениях. 

Все вместе работаем на Победу."
"15 июля 1978 года в Нижневартовске установили монумент Покорителям Самотлора. Это не просто один из самых красивых памятников Югры, но и напоминание о подвиге геологов и нефтяников, покорителей Севера. Которые в мороз, в условиях труднопроходимой местности, запускали первые скважины на Самотлорском нефтяном месторождении, крупнейшем в России. 

Жители Нижневартовска любя называют монумент Алешей – по аналогии с памятником советскому солдату-освободителю в Болгарии. Как раз в то время была популярна песня Стоит над горою Алёша – в Болгарии русский солдат. 

Прототипом нижневартовского Алеши стал Федор Метрусенко – именно его фото использовал скульптор Иван Костюхин. В 1970-х годах Метрусенко работал буровым мастером и вместе с товарищами добывал тюменскую нефть. Образ молодого рабочего с горящим факелом в руке стал символом благодарности поколениям, которые посвятили жизнь Северу."
""
"Сегодня побывал на Курултае казахов России в Заводоуковском городском округе. Он прошел в нашей области впервые. Исторически сложилось, что Курултай всегда был съездом, где казахи принимали самые важные решения. Сейчас это превратилось в полноценный народный праздник.

Тюменская область - родина многих казахов. Сейчас в одном ряду с представителями других национальностей казахи встали на защиту России. Неделю назад я был в селе Казанском, где мы с Нурбаем Раизовым, отцом Героя России Жумабая Раизова,  офицера-десантника, достойного сына казахского народа. Сегодня Нурбай Раизов поднял флаг Курултая.

На празднике царила максимально приятная атмосфера. Благодарю всех за приглашение! Поздравил молодоженов, получил от девочки Азиры Абдрахмановой свой портрет, поближе познакомился с культурой казахов. 

Рад, что в многонациональной Тюменской области сложились устойчивые дружеские отношения между всеми народами. И эту дружбу никто не разрушит."
""
""
""
""
""
""
""
"Сегодня в Тобольске проверил, как идёт благоустройство Александровского сада. Работа проделана большая. Территорию привели в порядок, убрали аварийные деревья, заменили инженерные сети. Очертания будущего сада уже заметны. 

Кстати, перед началом благоустройства площадку исследовали археологи. Они обнаружили остатки зданий 17-18 веков, спрятанных под слоем земли. Ученые нашли, например, фрагмент постамента памятника и остатки мачты освещения. Жизнь на этом месте кипела уже несколько столетий назад. 

Сохранились в земле также вещи, которыми тоболяки пользовались в повседневной жизни. Монеты, топор с деревянной рукояткой, замки от дверей, фрагменты обуви, посуды, изразцы печей, детские игрушки, гвозди и многое другое. 

Все это представляет не только большую научную ценность. Находки, уверен, будут интересны и горожанам, и гостям Тобольска. Поэтому поручил доработать проект благоустройства Александровского сада и предусмотреть на месте раскопок устройство так называемого археологического окна. Накрыть раскоп стеклянным куполом, чтобы каждый желающий мог увидеть, как жили в Тобольске 300-400 лет назад. 

Объект станет ещё одним, новым для древней сибирской столицы форматом показа и точкой притяжения для туристов."
""
""
""
""
""
""
"В конце июля исполнится 10 лет с момента запуска завода Электросталь Тюмени. Именно тогда в Тюменской области появилась новая для региональной экономики отрасль – металлургическая. Наше предприятие относительно молодое, но там трудятся представители династий металлургов. Один из них – Андрей Синицин. Общий профессиональный стаж всех его родственников – бабушки, дедушки, родителей, дяди, тети, племянников – больше двухсот лет.

Андрей Синицин – начальник электросталеплавильного цеха, работает на заводе с момента его строительства. Он приехал в Тюмень в 2012 году из Златоуста Челябинской области, за год до запуска предприятия. 

Каждого сотрудника своего цеха Андрей Синицин подбирает лично. Ответственность большая: электросталеплавильный – основной цех завода. Именно здесь при температуре 1620 градусов рождается металл. 

Производство можно сравнить с гигантской кухней. Металлолом плавят в больших печах. Чтобы получить определенную марку стали, примешивают добавки. Потом жидкий металл разливают в формы и остужают. На выходе – 12 метровые стальные заготовки. Ручной труд сведен к минимуму. Задача человека – контролировать процесс. 

За 10 лет в электросталеплавильном цехе тюменского завода несколько раз превзошли результаты, которые планировались проектом. Сейчас идет большая работа по трансформации завода. В планах – снизить себестоимость производства. 

Сегодня металлурги принимают поздравления с праздником. Желаю всем представителям этой профессии производственных успехов, здоровья и удачи!"
""
""
""
""
""
""
""
""
"Старенькое кирпичное здание поликлиники в селе Викулово капитально отремонтировали, и теперь это современное медицинское учреждение. В холлах - светло и просторно, в кабинетах уютно, заменены водопровод, кровля и фасад. Сейчас идет благоустройство прилегающей территории.

Для окончательного перевоплощения в современную поликлинику нужно закупить новое оборудование. Распорядился выделить на эти цели из областного бюджета 20 миллионов рублей. Поликлиника уже купила новый аппарат маммографии, в феврале привезут флюорографическую установку. Диагностика станет более доступной.

Кроме того, в рамках региональной программы Модернизация первичного звена здравоохранения только сюда, в Викулово, за последние два года поставлено 8 санитарных автомобилей. Казалось бы, зачем столько машин? Но они не стоят без дела. Каждый автомобиль в среднем за день наматывает 120 км. Врачи и фельдшеры выезжают на неотложные вызовы к тем, кому нужна помощь."
""
""
""
""
"В селе Большое Сорокино встретился с настоящими героями - бойцами поста Покровка Областной противопожарной службы. В мае они защитили от огня три населенных пункта. 

Из-за сильного ветра пламя буквально перескакивало через минерализованные полосы и могло вплотную подойти к домам. Сутки наши пожарные отбивали деревню Преображенка. Отстояли. Помогли добровольцы из числа местных жителей.  

Передал пожарным нашего поста ключи от новой машины на шасси повышенной проходимости. Бороться со стихией помогут и моторизованные ранцевые огнетушители. Ими хорошо работать по кромке огня. 

Пожелал пожарным профессиональной удачи!"
""
""
""
""
""
"Во время поездки в Сорокинский район навестил Анну Тихоновну Михалицину, одну из старейших жителей Тюменской области. Накануне Анна Тихоновна встретила свой 103-й день рождения. 

В Великую Отечественную работала в швейном цехе. Вместе с такими же простыми деревенскими девушками шила одежду для наших бойцов - нательное белье, гимнастёрки, кальсоны и даже ватники с шубами из овчины. 

После войны Анна Тихоновна трудилась на заготовке дров, работала в сельском хозяйстве. Воспитала дочь. 

У 103-летней жительницы Сорокинского района большая семья. Есть даже две праправнучки и праправнук. Время от времени все собираются вместе. 

С Анной Тихоновной живет ее дочь. Бабушка практически не видит, но зато хорошо слышит. Родные пошутили, что если бы было больше времени, то Анна Тихоновна обязательно спела бы одну из своих любимых старинных песен. Их она до сих пор помнит наизусть. 

Пожелал Анне Тихоновне крепкого сибирского здоровья!"
"С удовольствием познакомился с работой нашей Ребячьей республики. Здесь отдыхают дети из Тюменской области, Югры и Ямала.

Вместе с ребятами открыли стелу Движения первых. Российскому движению детей и молодежи, в котором активно участвуют тюменцы, сегодня исполнился ровно год. В 2022-м оно было создано при поддержке президента России Владимира Путина.

Дети наслаждаются отдыхом. Всем нравится. Да я бы и сам все отдал, чтобы на пару недель вернуться в детство!"
"Спасибо депутатам поселений, муниципальных районов, городских и муниципальных округов Тюменской области, Ханты-Мансийского автономного округа - Югры и Ямало-Ненецкого автономного округа за доверие и поддержку."
"Сегодня в Омутинском районе первым делом заехал на улицу Зятькова в райцентре. Здесь обустраивают тротуар и уличное освещение.

С просьбой о строительстве в марте  жительница села Омутинского Татьяна Яковлева. Улица ведет к детскому саду, и родители с детьми ходили по краю проезжей части. 

Встретился с Татьяной, качеством ремонта она довольна. Тротуар широкий, здесь легко смогут разъехаться две детские коляски.

Самое главное – дорога для пешеходов будет безопасной. Работы завершатся уже в сентябре."
""
""
"В селе Омутинском строится база отдыха. Это проект местного предпринимателя Юрия Елишева, который стал участником . Инвестору выделили два земельных участка - на одном будут деревянные домики, на другом парковка.

Место для базы живописное, воздух чистый, рядом сосновый бор и речка. Такие проекты доказывают, что инвесторы вкладываются не только в городские стартапы, но и в сельские. Создаются новые рабочие места, растет туристический потенциал. При этом все вложенные средства - это собственный капитал Юрия. 

Открытие базы запланировано на декабрь 2023 года. Предложил Юрию Елишеву и главе Омутинского района Олегу Кузнецову совместно проработать варианты дальнейшей господдержки инвестпроекта."
""
""
""
""
"Новая школа строится в деревне Овсянникова Тобольского района. Работы идут с опережением графика. Точно такую же школу мы открыли в прошлом году в деревне Хмелева Тобольского района. 
 
Для местных жителей это долгожданное событие. В Овсянникова сегодня больше ста детей. И население постоянно увеличивается. При этом старая школа - ровесница муниципалитета, в этом году она тоже отмечает вековой юбилей. Классы тесные, библиотека в коридоре... В новой будет просторно, уютно, большой спортзал и современное оборудование для учебы. 

По программе замены деревянных школ к концу года планируем открыть в общей сложности пять учебных заведения в Тобольском, Вагайском и Упоровском районах. В 2024 году ещё четыре в Уватском, Ярковском и Вагайском районах. 

В Овсянникова дети переедут в новое здание уже в этом году. Уверен, им там точно понравится."
""
""
""
""
"В Тобольском районе в деревне Овсянникова осмотрел производство снегоболотоходов. Это вторая площадка компании, раньше конструировали и собирали внедорожники только в селе Бизино. Машины востребованы, поэтому предприниматель Максим Мезенин принял решение расширяться. 

В месяц в Тобольском районе теперь выпускают 9 таких Хищников. Машина пользуется спросом у нефтяников. Большую партию приобрела горно-металлургическая компания из Красноярского края, поступают заказы от МЧС. 

Сейчас в цеху в Овсянникова собирают экземпляры для Почты России. Товар штучный, комплектуют в зависимости от пожеланий заказчика. Тобольские вездеходы колесят по бездорожью на Севере, на Камчатке и Чукотке. На предприятии трудятся около 100 человек. У всех приличная зарплата.

Предложил конструкторам из Тобольского района подумать вместе с нашими лесниками над версией снегоболотохода для тушения лесных пожаров. Такая машина легко доедет в любое труднодоступное место. Она даже плавает, скорость на воде  до 5 км/ч. 

С предпринимателем Максимом Мезениным мы уже встречались в 2019 году на его производственной базе в Бизино. К нам он переехал из Сургута. Интересно, что корни уникального производства уходят в детство. Максим в детстве любил собирать машинки из конструктора. Со временем увлечение переросло в серьезное и важное дело."
"Наши бойцы прислали видео с передовой. Автомобили повышенной проходимости, которые мы  в подразделения, уже прибыли в зону специальной военной операции и готовы к выполнению боевых задач."
"Западно-Сибирский межрегиональный научно-образовательный центр вошел в число лидеров федерального уровня. Это решение озвучили на заседании Совета НОЦ, которое провел заместитель председателя правительства России Дмитрий Чернышенко.

Наши исследователи заслужили высокую оценку. В состав Западно-Сибирского НОЦ сегодня входят 11 университетов, 15 научных организаций, 10 компаний и 5 структур поддержки инноваций из Тюменской области, Югры и Ямала. 

Ученые не только активно разрабатывают инновационные технологии, но и успешно внедряют их в реальное производство. Например, создали автоматизированную систему, которая собирает данные для распознавания возбудителей болезней сельскохозяйственных растений. Ее уже испытали в агрохолдинге УГМК-Агро, дополнив новыми программными модулями и теперь используют на практике.

Мы комплексно поддерживаем НОЦ. Только на ключевые технологические проекты за последние 3 года направили 755 миллионов рублей региональных субсидий. Результат уже есть.

Большое внимание уделяют развитию Западно-Сибирского НОЦ и мои коллеги - Наталья Комарова и Дмитрий Артюхов. Вместе с учеными и производственниками мы обеспечиваем технологический суверенитет нашей страны."
""
""
""
"Дети участников специальной военной операции, а также ребята из многодетных семей из Тюменской области, Югры и Ямала путешествуют по регионам. Уже 300 ребятишек за первые два месяца летних каникул проехали по нашим туристическим маршрутам.

Юные тюменцы побывали в Когалыме и Ноябрьске, а югорчане и ямальцы - в Тюмени, Тобольске и Ялуторовске. Увидели много интересного. Узнали, насколько плотно связаны наши территории. Дети делятся впечатлениями - гостям с Севера очень понравились тюменская набережная, Тобольский кремль и Ялуторовский острог. В свою очередь, тюменцы оценили красоту Югры и Ямала. 

Приятно, что наша , предложенная в марте, нашла поддержку среди тюменских, югорских и ямальских депутатов и успешно воплощается в жизнь."
""
""
""
""
""
"Тюменские сельхозпредприятия приступили к уборке урожая ранних овощей, картофеля и озимых зерновых культур. Первыми в регионе на поля вышла агрофирма КРиММ из Упоровского района. Там уже убрали 500 гектаров озимой пшеницы, урожайность - 19 центнеров с гектара. 
 
Одновременно стартовала уборка картофеля. Прямо с полей на прилавки скоро начнет поступать свежий урожай капусты, свеклы и различных видов салатов.

Подготовка к уборочной страде прошла по плану. Пожелаем нашим аграриям успеха и нам всем хорошего урожая!"
"Уже завтра выносим на рассмотрение депутатов Тюменской областной Думы проект концессионного соглашения по межвузовскому кампусу в Тюмени. Все подобные масштабные проекты с государственно-частным партнерством обсуждаем с законодателями. Этот – не исключение.

Возведение таких научно-образовательных комплексов – часть нацпроекта Наука и университеты, который  Минобрнауки России по поручению президента страны. Участие концессионера определено правилами отбора. У нас есть уникальный шанс при строительстве снизить нагрузку на областной бюджет. Наша доля софинансирования чуть более 10%, остальное – средства федерального бюджета, порядка 50%, и около 40% – деньги инвестора. 

Уверен, кампус в Тюмени вблизи оз. Круглого станет местом притяжения. На территории планируется построить многофункциональный спортивный центр: появятся бассейн и ледовая арена. Общественную инфраструктуру города дополнят учебно-лабораторный корпус, центр поддержки и развития талантливой молодежи, технопарк, конгресс-центр и гостиница. Студенты будут проживать в современных общежитиях. При проектировании будем учитывать итоги обсуждения в фокус-группах и голосования жителей! 

Район размещения перспективный, молодой, интенсивно развивающийся. Кампус в прибрежной зоне создаст новый силуэт областной столицы.

Рассчитываю на поддержку депутатского корпуса. Подписание соглашения с инвестором-концессионером позволит перейти к следующему шагу –  проектированию и строительству межвузовского кампуса в Тюмени."
"28 июля 1931 года родился Фарман Салманов. Человек, изменивший историю не только Западной Сибири, но и всей страны. Уже рассказывал, как бригада Салманова  в Среднем Приобье. Великий геолог, решительный человек, по-настоящему любивший свое дело.

Как говорят современники, Салманов обладал не самым простым характером. Но при этом Фарман Курбанович был выдающимся специалистом, целеустремленным и упорным. Обычный мальчик из азербайджанского села Морул вырос в первооткрывателя колоссальных запасов сибирской нефти. Удивительный путь.

Салманов с детства хотел уехать в Сибирь. Его дедушка Сулейман жил в наших краях и много рассказывал внуку о местных просторах, о жителях. Особенно маленького Фармана удивляло, что сибиряки после бани обтираются снегом. 

В подростковом возрасте Фарман увлекся геологией и минералами. Во время войны, когда был дефицит спичек, показал маме, как высекать огонь из белого кварца, тем самым помог семье. Фарман с детства был смелым и самостоятельным  один уходил в горы, изучал природу, занимался спортом на свежем воздухе.

После обучения в Азербайджанском индустриальном институте Салманов написал письмо с просьбой о переводе в Сибирь, где и добился феноменальных успехов. 

Все заслуги Фармана Курбановича перечислить очень сложно... Самое главное  он обозначил вектор развития всего топливно-энергетического комплекса. Салманов был частью поколения героев, которые ради величия страны делали невозможное. Мы это помним и ценим.

"
""
""
""
Получил удостоверение кандидата в губернаторы Тюменской области.
Поздравляю лучший город Земли с праздником!
"С удовольствием посетил в День города фестиваль Уличная классика и Тюмень - территория силы. Набережную Туры организаторы превратили в одну большую спортивную площадку.

Впечатлило фристайл-шоу. Ребята на BMX-велосипедах и самокатах делают невероятные вещи. Предложили поучаствовать в трюке. Ощущения незабываемые."
"Благодарю депутатов Тюменской областной Думы за поддержку проекта концессионного  по межвузовскому кампусу в Тюмени.

Это инвестиции в будущее. В рамках нацпроекта Наука и университеты мы построим новую образовательную среду, которая поможет нам конкурировать за студентов с ведущими вузами страны. Кроме этого, областная столица получит общественное пространство для всех.

Строительство этого важного для региона объекта никак не затронет территорию Лесопарка имени Ю.А. Гагарина."
"Росстандарт станет полноценным партнером Тюменского нефтегазового кластера. Обсудили это с руководителем федерального агентства Антоном Шалаевым. Наш проект по созданию в Тюмени центра испытаний нефтепромыслового оборудования получил высокие оценки коллег. 

В Росстандарте отмечают технический уровень тюменских предприятий, выпускающих контрольно-измерительное оборудование. Зачастую оно превосходит импортные аналоги. Причем эти производственные традиции зародились давно. В советские годы весы Тюмень стояли во всех магазинах от Калининграда до Владивостока. 

Производство измерительных приборов может стать новой точкой роста региональной экономики. Коллеги из Росстандарта готовы нас поддержать."
""
"Сегодня ночью не стало ветерана Великой Отечественной войны Михаила Андреевича Никишина. 

Наш прославленный земляк командовал танковым взводом. Участвовал в сражениях за Кавказ, освобождал Украину. Громил Квантунскую армию. Михаил Андреевич был участником исторического Парада Победы в Москве на Красной площади 24 июня 1945 года. 

После Великой Отечественной преподавал в военных учебных заведениях. Несколько раз полковник в отставке Михаил Никишин был знаменосцем на парадах 9 Мая в Тюмени. 

Михаил Андреевич прожил долгую и насыщенную жизнь. Много сделал, чтобы передать подрастающим поколениям историческую правду о далеких уже событиях. Горжусь, что был знаком с ним лично. 

Выражаю искренние соболезнования родным и близким Михаила Андреевича."
"Генеральный консул КНР в Екатеринбурге Цуй Шаочунь впервые прибыл в Тюменскую область. Обсудили возможные пути сотрудничества нашего региона и Китая, с которым у нас самый большой товарооборот среди зарубежных партнеров. Более 100 китайских студентов учатся в тюменских вузах.

Считаю, что партнерские отношения можно и нужно развивать. Тем более, у нас есть площадки для обсуждения - ждем гостей из Китая на Промышленно-энергетическом форуме TNF 2023 и Тюменском экспортном форуме. Господин генеральный консул предложил организовать выставку-презентацию КНР в Тюмени. Идея отличная. 

Также решили, что будем развивать побратимские отношения между областной столицей и городом Дацин. Уверен, впереди у нас новые интересные проекты."
""
""
"Конструктивно и плодотворно поработали на очередном заседании регионального Совета по улучшению инвестиционного климата. Обсудили в том числе несколько перспективных проектов.

Обь-Иртышское речное пароходство и компания Межрегионфлот реконструируют и модернизируют судостроительный завод в Тобольске. Объем инвестиций – около 3 млрд рублей. В результате наш регион станет четвертым в России, способным строить суда класса река-море. 

Компания Восход в прошлом году изготовила более 73 тысяч деталей оборудования для нефтегазовой отрасли. Собственники видят потенциал для развития и планируют к 2027 году завершить строительство нового цеха металлообработки в Тюмени. Будет создано несколько десятков новых рабочих мест.

Предприятие ЕТС Трейд возведет в областной столице многофункциональный центр по ремонту грузовых автомобилей. Инвестор планирует трудоустроить больше полусотни земляков.

Проблемные вопросы, возникающие у предпринимателей, связаны, в основном, с удорожанием подключения к инженерным сетям. Многие из этих вопросов решили прямо в ходе заседания. Остальные взяли в работу. Дал необходимые поручения своим заместителям. 

Все три проекта реализуются при содействии Инвестиционного агентства Тюменской области. Наша ставка на местных предпринимателей себя оправдывает. Продолжим поддержку бизнеса. Для этого внедряем обновленный, более продвинутый региональный инвестиционный стандарт. Это понятная пошаговая инструкция по получению всего комплекса услуг, необходимых для реализации проектов. Главная цель - сократить путь инвестора от возникновения идеи до капиталовложений."
""
""
""
"Только вчера  об улучшении инвестиционного климата. И вот свежие данные Росстата – по предварительным оценкам, индекс промышленного производства в Тюменской области за первое полугодие 2023 года увеличился на 10,4%. 

Главным драйвером роста стали обрабатывающие предприятия. Здесь объем промышленного производства поднялся на 13,8%. Особенно радуют успехи высокотехнологичных отраслей – выпуск электронных и оптических изделий увеличился в 2,7 раза. Это значит, что наши меры господдержки промышленности дают результат."
Поделился жизненным и профессиональным опытом с победителями конкурса молодых управленцев Уральского федерального округа. Присоединился к важному кадровому проекту Команда Урала.
"Сегодня был в Сладковском районе в рабочей поездке. Заглянул в гости к юным теннисистам. В местной спортшколе очень сильная секция по настольному теннису. Сладковские ребята неоднократно побеждали на областных соревнованиях, входят в региональную сборную. 

В 2022 году впервые в истории района воспитанница школы Анастасия Павлюк завоевала медаль на личном первенстве Уральского федерального округа. 

От имени правительства региона передал спортсменам комплекты брендированных футболок и сертификат на приобретение инвентаря. 

Настольный теннис - увлекательный вид спорта. Подходит для всех возрастов, развивает реакцию. Пожелал сладковским чемпионам новых побед!"
""
""
""
""
""
""
"С Днем железнодорожника, друзья! 

Продолжаю знакомить вас с трудовыми династиями региона. Олегу Смотрину – 38 лет, из которых 20 он посвятил железным дорогам. Стальные магистрали сопровождают его с детства. Здесь работали родители, дедушка с бабушкой, сейчас работает сестра. Общий трудовой стаж всех Смотриных – более 130 лет.

Олег прошел путь от дежурного до заместителя начальника станции Тюмень. Сравнивает железнодорожную сеть с кровеносной системой – если что-то где-то пойдет не так, то последствия ощутит весь организм. Задача Олега – обеспечить стабильную и безопасную работу пассажирских перевозок на станции. В подчинении 56 человек.

Главным вдохновителем в выборе профессии был отец – Юрий Смотрин, начальник Тюменского отделения Свердловской железной дороги. Его можно увидеть на последних трех фото. 

В возрасте 10 лет Олег однажды выехал с отцом в Ишим, где грузовой поезд попал в аварию. В результате весь состав превратился в груду металла высотой в три этажа. Страшная картина. Именно тогда Олег понял, что безопасность людей превыше всего. В своей работе сейчас следует этому принципу.

Воспитывает двух сыновей, оба занимаются футболом, но не исключено, что пойдут по стопам отца. Сам Олег увлекается армрестлингом, любит рыбалку. Кстати, именно там познакомился с будущей женой. Олег говорит, что когда приходит домой, даже в тишине слышит стук колес по железной дороге. Эхо стального полотна успокаивает и напоминает о любимой работе."
""
""
""
""
""
""
""
""
"Не перестаю восхищаться, какой красивый и самобытный у нас регион. Это заслуга людей, которые с заботой относятся к своим родным местам, согревают их любовью, вкладывают силы в процветание. 

Часто спрашивают, что в первую очередь посетить в Тюменской области. Во-первых, рекомендую столицу региона. В Тюмени вас ждет наше древнее море – термальные курорты заряжают здоровьем и энергией, помогают снять усталость и оздоровиться. И, конечно, стоит прогуляться по набережной, Цветному бульвару и пешеходной улице Дзержинского. В Тюмени много мест, где можно приятно и полезно провести время.
  
Обязательно  Тобольск – древний город, который бережно хранит богатую историю, но в то же время развивает современные пространства, инфраструктуру. Здесь будет интересно людям всех возрастов. 

Если хочется погрузиться в сибирский колорит, познакомьтесь с Ялуторовском – нашей блинной столицей. В Ялуторовском остроге постоянно проходят традиционные сибирские праздники. Кстати, именно в Ялуторовске отбывали ссылку декабристы. Они оставили о себе добрую память в этих местах: добились открытия приходской школы для мальчиков и первой в Сибири школы для девочек. Второе здание сохранилось до наших дней – теперь это памятник федерального значения."
""
""
""
""
""
""
""
"Во время рабочей поездки в Сладковский район осмотрел местную больницу. Здесь располагаются приемное и хирургическое отделения, стационар, отделение скорой медицинской помощи. 

Здание построено 60 лет назад и нуждается в ремонте. Однако экспертиза показала, что проводить его нецелесообразно. Дешевле будет возвести новое здание. Поэтому поручил разработать проектно-сметную документацию для строительства современного корпуса Сладковской районной больницы, в котором будет комфортно как пациентам, так и врачам."
""
""
""
""
""
""
"Тюменский Мостострой-11 соединил берега Волги в Татарстане: завершен финальный этап надвижки пролетного строения. Мост станет частью дороги М-12 Москва - Казань.

Спасибо заместителю председателя Правительства Российской Федерации Марату Хуснуллину и Главе Республики Татарстан Рустаму Минниханову за теплые слова в адрес наших специалистов. Они у нас действительно очень сильные, настоящие профессионалы. Итоги работы в Татарстане впечатляют. Благодарю Мостострой-11 за такой высокий уровень."
"Делюсь архивным фото – узнаете молодого человека на лыжероллерах?

Спорт – это жизнь. Он научил меня самодисциплине и показал, насколько важно работать в команде для достижения результата. Всех самых спортивных и активных с Днем физкультурника!"
"Сегодня работал в Абатском районе. Муниципалитет отметил 100-летний юбилей. Плодородная земля, где живут трудолюбивые и радушные люди. Живут сплоченно – развивают экономику района и все вместе помогают нашим бойцам: собирают посылки, отправляют их на передовую. Приобрели автомобиль для нужд армии. 

Осмотрел, как изменилась местная больница после капитального ремонта. В 2021-м обновилось детское отделение, теперь дошла очередь до других помещений. Ожидается новое оборудование – врачи очень довольны, пациентам перемены тоже нравятся.

Также осмотрел корпус детского сада Сибирячок, который в 2018-м вошел в рейтинг лучших 1000 в России. Уже готова проектная документация по капитальному ремонту. Принял решение выделить средства на эти цели. Помимо стандартной замены коммуникаций, обновим помещения. Дети получат современный садик."
""
""
""
""
""
"Строители всегда играли огромную роль в развитии Тюменской области. Только посмотрите, как преобразился регион за последние годы. Сколько всего появилось вокруг. Ничего этого не было бы без наших строителей. Они создают настоящее и будущее Тюменской области и всей страны. 

Поздравляю с профессиональным праздником! Благодарю за ваш труд."
"В поздравлении с Днем строителя уже  о том, как меняется внешний облик населенных пунктов Тюменской области. Вот один из свежих примеров - центр села Исетское. На месте старых зданий здесь появилась площадь 100-летия района. Название выбрали сами жители.

Строители закончили работу за пять месяцев. Появилось отличное место, чтобы погулять с семьей и друзьями, прикоснуться к истории. Можно узнать информацию про объекты с помощью QR-кода - попробовал сам, все работает.

Жители обратились с инициативой оборудовать рядом детскую площадку. Сейчас она там есть, но старенькая. Конечно же, поддержал предложение."
""
""
""
""
""
"Поздравил Исетский район со столетним юбилеем. По традиции на таких мероприятиях вручаю награды и благодарственные письма. Среди награжденных сегодня тракторист Евгений Гарманов. Расскажу его историю. 

Евгений родился в Исетском, здесь же учился, работал. Встретил девушку Наталью, женился, сейчас пара воспитывает двух дочерей и двух сыновей. 

В ноябре прошлого года в доме по соседству произошел взрыв. Рванул газ. В тот момент в здании находились три человека - хозяин и двое его знакомых. Взрывная волна была такой сильной, что гостей выбросило через окна на улицу. А сосед Евгения остался внутри. 

Дело было вечером, Евгений как раз возвращался с работы. Кинулся в горящий дом. Вытащил из огня теряющего сознание соседа. Да, мужчина получил ожоги, но остался жив. 

С особым чувством сегодня вручил Евгению знак отличия За мужественный поступок. На вопрос, считает ли он себя героем, отвечает, что так поступил бы на его месте каждый."
""
""
""
"Дорогие земляки! Сегодня у Тюменской области день рождения. Мы очень любим наш регион и делаем все для его процветания. Это наш дом, наша родная земля. 

С праздником!"
"Родной край. Земля людей, которые вдохновляли поколения на новые свершения. У Тюменской области богатая история. И нам выпала честь продолжать дело наших великих предков."
"Полтора часа отвечал сегодня на вопросы журналистов на традиционной пресс-конференции, приуроченной к 79-й годовщине со дня образования Тюменской области. 

Представителей СМИ интересовали разные темы: от бюджета и взаимоотношений с Югрой и Ямалом до развития туризма и обращения с животными. 

Всего задали порядка 30 вопросов. Интересные, острые, некоторые заставили поразмышлять. Как, например, вопрос луганской журналистки Ольги Майской про то, чему тюменцы могли бы научиться у жителей Краснодона. Думаю, для всех нас будут очень полезны совместные проекты по патриотическому воспитанию.

Юный корреспондент журнала Тюменские непоседы Виктор Куприн спросил про отношение к Дню знаний. Я сразу вспомнил свое детство. Рассказал, как ждал занятия и любил ходить в школу. Молодой человек специально приехал на пресс-конференцию из села Омутинское с мамой и братом. Поговорили после мероприятия. Пожелал Виктору успехов. 

Спасибо всем журналистам за продуктивное общение."
""
""
""
""
""
"Сегодня ночью произошла трагедия в Республике Дагестан, десятки погибших и раненых.

От лица жителей Тюменской области выражаю искренние соболезнования семьям погибших. Скорейшего выздоровления всем пострадавшим. 

Тюменская область готова оказать всю необходимую помощь."
"Исторический момент для отрасли птицеводства в России. В Исетском районе Тюменской области сегодня запустили последний из десяти блоков племенного репродуктора индейки. Инвестор - компания Дамате вложила в проект более 6 млрд рублей. 

Если раньше птицеводы везли яйцо из-за рубежа, а в нашей стране выращивали только птицу, то теперь все этапы локализованы. Экономия - миллионы евро. 

С руководителем группы компаний Дамате Наумом Бабаевым вспомнили, как начинался этот масштабный инвестиционный проект в 2021 году. Тогда мы даже не предполагали, что получение отечественного генетического материала для развития птицеводства станет настолько важным для России.

После выхода на полную мощность предприятие будет каждый месяц производить 1 млн штук инкубационного яйца. Для жителей Исетского района уже создано 119 новых рабочих мест, а в целом их будет порядка двухсот. 

Компания Дамате - наш давний и надежный партнер. Вручил Науму Бабаеву Знак отличия За заслуги перед Тюменской областью. Мы оба уверены, что впереди - новые совместные проекты и общие победы."
""
""
""
""
""
""
""
""
""
"Сегодня специалисты завершили приемку школ Тюменской области. К новому учебному году все готово. В зоне особого внимания – безопасность детей.

По традиции на День знаний откроем несколько новых школ. Три крупные в Тюмени в мкр-не Ямальский-2, жилых районах Плеханово и Тура, и две небольшие – в деревне Митькинское Вагайского района и селе Крашенинино Упоровского района. 

В Ишиме после реконструкции примет детей школа  4. Капитальный ремонт завершился в школе  62 Тюмени, в 16-й в Тобольске и еще пяти сельских образовательных учреждениях в Ярковском, Ишимском и Тюменском районах. 

В этом году в Тюменской области за парты сядут свыше четверти миллиона учеников, среди них 26,5 тысяч первоклассников. Время, чтобы подготовиться к учебе у родителей и школьников, еще есть. А пока остается возможность насладиться последними днями каникул и с праздничным настроением прийти 1 сентября на торжественную линейку."
""
"Накануне исполнилось ровно 27 лет со дня легендарного побега российских летчиков из Афганистана. Наши пилоты находились в плену у талибов 378 дней (Талибан – запрещенная в России террористическая организация). Экипаж нашего земляка Владимира Шарпатова содержался в тяжелых условиях – жара, нехватка воды, плохая еда. 

Со временем летчики убедили талибов, что самолет нуждается в техобслуживании. Во время одного их таких осмотров экипаж запустил двигатель и улетел. 

КВС Владимир Шарпатов и второй пилот Газинур Хайруллин получили звание Героя России. Остальные члены экипажа были награждены орденами Мужества. Наши летчики доказали, что русский характер не сломить.

Сейчас Владимир Ильич живет в Тюмени, много времени проводит на своей любимой даче. Ведет активную общественную деятельность. Лично знаком с Владимиром Ильичом – на таких людях и держится Россия."
""
"Уважаемые жители и гости Тюменской области, Югры и Ямала! Я обращаюсь к вам как к главным участникам дорожного движения, как к людям, в чьих силах изменить сложившуюся в последнее время ситуацию на транспортных автомагистралях региона. 

Только за последние 10 дней на автотрассах области в 92 ДТП погибли 19 человек. Из них семеро – дети. Травмы получили 119 человек, из которых 29 детей. Цифры – ужасные, ведь за каждой из них – боль или потеря. Огромный резонанс вызвала трагедия, произошедшая несколько дней назад. На трассе Тюмень - Ханты-Мансийск разбилась семья. Супруги погибли вместе с тремя дочками. В реанимации находятся два сына, вся необходимая медицинская помощь им оказывается в полном объеме, состояние оценивается как тяжелое. Держу ситуацию с их лечением на контроле.

Среди основных причин дорожно-транспортных происшествий последних недель госавтоинспекторы называют нарушение скоростного режима, выезд на встречную полосу и управление автомобилем в состоянии усталости и утомления. 

Понимаю, когда возвращаешься домой – хочется добраться побыстрее. Отпуск прошел, и не так много времени до 1 сентября. Все пытаются успеть к началу учебного года. В этот период транзитный поток на федеральных и региональных трассах области кратно возрастает.

Дорогие земляки, будьте бдительны, аккуратны и внимательны за рулем! Соблюдайте скоростной режим, не спешите. Если устали в пути – отдохните. Сейчас наша дорожная инфраструктура позволяет это сделать. Учитывайте обстоятельства, особенно при движении за городом. Помните, любой неосторожный и необдуманный маневр может привести к тому, что уже невозможно будет исправить."
""
"Вместе с ветеранами локальных конфликтов открыли в селе Нижняя Тавда памятник, посвященный участникам специальной военной операции. 

Нижнетавдинцы вместе с жителями других муниципалитетов региона с первых дней СВО отстаивают нашу свободу и суверенитет. В почетном карауле стоял один из мобилизованных - Владислав. Сейчас он приехал домой в отпуск. 

Новый памятник находится рядом с монументом, который рассказывает о подвиге героев Великой Отечественной войны. Сегодня сибиряки проявляют такое же мужество в борьбе с нацизмом, как и наши деды 80 лет назад. Победили тогда, победим и сейчас.

Это первый такой знак в Тюменской области. Открыли его в день 100-летия Нижнетавдинского района."
""
""
""
""
"Вместе с начальником Свердловской железной дороги Иваном Колесниковым осмотрели новый пригородный электропоезд ЭП2ДМ. Состав сделан в России. Здесь применены все самые современные технологии. 

В поезде около 600 мест для пассажиров, в вагонах комфортные сидения, система кондиционирования, просторные санитарные комнаты, электронные табло. Предусмотрены зарядки для гаджетов. Выделены места для инвалидов на колясках. 

В планах СвЖД поставить в тюменский регион несколько таких составов. Они будут курcировать на пригородных маршрутах."
"Как и обещал, обсудил с руководством СвЖД вопрос о доступности железнодорожного сообщения для жителей Ханты-Мансийского автономного округа-Югры. 

Журналист нижневартовской газеты Варта Вероника Саитова на  пожаловалась, что летом уехать на юг по железной дороге очень сложно. Билетов не купить.

В компании признают: спрос значительно превышает предложение, особенно в сезон отпусков. В течение полутора недель в СвЖД пообещали представить варианты решения проблемы. Если возможно, добавят дополнительные вагоны к поездам, или вообще сформируют еще один состав, который свяжет нас с городами Югры и Ямала."
"Концессионное соглашение по строительству кампуса в Тюмени подписано. Мы стали на один шаг ближе к реализации амбициозного и важного для нашего региона проекта.

Программа создана по поручению Президента России Владимира Путина и реализуется в рамках нацпроекта Наука и университеты. Церемония подписания прошла в присутствии Заместителя Председателя Правительства России Дмитрия Чернышенко на Х Международном форуме технологического развития Технопром-2023 в Новосибирске. Компания-концессионер – Врата Сибири.

Это самое крупное с финансовой точки зрения и самое сложное с юридической стороны соглашение в истории Тюменской области. 

Впереди – много работы. Предстоит построить 10 объектов, их общая площадь составит 167 тысяч квадратных метров. Чтобы быстро решать возникающие вопросы, вместе с концессионером организовали региональный оперативный штаб.

Также важно на этапе создания совместно с вузами проектировать внутреннеесодержание и пространства кампуса: на каких ключевых моментах образовательной и научной деятельности мы сконцентрируемся. Именно под это будет создаваться внутренняя инфраструктура."
"Передал командирам наших именных воинских подразделений 9 новых автомобилей: 8 машин УАЗ буханка и одну УАЗ фермер. Эта техника хорошо зарекомендовала себя в зоне проведения СВО. 

Показал, чем мы оснастили автомобили: бронежилеты и каски для водителя и пассажиров, тепловизионный монокуляр, обязательно в комплекте противодроновое ружье тюменского производства, маскировочная сеть и противотепловизионное покрывало, чтобы противник не мог вычислить на стоянке машину с воздуха по тепловому излучению. Также в каждом УАЗике – медицинские аптечки, генератор и инструмент для работы в полевых условиях. 

В машинах, которые поступят в саперные полки – штурмовые бронежилеты, у них повышенная противоосколочная защищенность. В технике, которую мы передаем в артиллерийские подразделения, также есть цифровой радиоретранслятор, цифровые радиостанции и планшеты.  

Мы уже второй раз отправляем нашим военным такую крупную партию новых автомобилей. В июле на передовую уехали 9 машин. Вся техника в работе, УАЗы встали на воинский автомобильный учет. Получаем обратную связь – бойцы довольны. 

Мы продолжим и дальше поддерживать земляков, которые с оружием в руках отстаивают свободу и независимость нашей страны. Ждем домой с Победой!"
"Ровно 80 лет назад Красная армия разгромила немецко-фашистские войска в Курской битве. После этого масштабного сражения инициатива на фронте окончательно перешла к Советскому Союзу. 

В феврале мы  Сталинградскую битву и одного из ее участников, который живет в Тюмени. Александр Ефимович Дикарев прошел еще и Курск. Был тогда пулеметчиком, прикрывал товарищей. Помнит свой Максим - громоздкое, но надежное оружие.

Немцы думали, что мы испугаемся. Нагнали танков, били из артиллерии. А нам что бояться? Мы были на своей земле, - говорит Александр Ефимович о тех боях. Рассказывает много интересных деталей - например, о том как пририсовал себе лишний год в военкомате, чтобы попасть на фронт. 

В сентябре ветеран Великой Отечественной отметит 99-й день рождения. Желаю крепкого здоровья Александру Ефимовичу. Мы помним подвиг наших дедов и прадедов."
""
""
""
""
"Сегодня работал в Ярковском районе. У этой территории большой туристический потенциал, который привлекает местных инвесторов. Во-первых, в селе Покровском родился Григорий Распутин. Его неоднозначную и загадочную биографию изучают до сих пор во всем мире. 

Рядом с Покровским находится федеральная трасса, здесь часто останавливаются гости. Инвесторы планируют создать крупный туристический комплекс, который совмещал бы место для отдыха и еще один музей (сейчас в Покровском их два). 

Презентовал проект тюменский предприниматель Владимир Шевчик. У него много интересных задумок, в том числе на тему Распутина. На Петербургском международном экономическом форуме мы подписали  с компанией Сибинтел-Холдинг. Она будет инвестировать в туристическую инфраструктуру региона. Как видим, уже есть наработки.

А совсем рядом находится село Дубровное. Предприниматель Андрей Потапов инвестировал средства в реконструкцию местного термального комплекса – получилось современное и красивое место. По дороге в Покровское здесь можно отдохнуть и искупаться.

В 2022 году наши термальные комплексы посетили 1,3 млн человек. Уверен, эта цифра будет еще больше. Потому что появляются новые точки притяжения."
""
""
""
""
""
""
"Подписали соглашение с компанией X5 Group, в состав которой входят торговые сети Пятёрочка, Перекрёсток и дискаунтер Чижик. В нашем регионе действуют более 200 магазинов компании, а также распределительный центр, который обслуживает не только Тюменскую область, но и Югру с Ямалом. 

X5 Group создает рабочие места для земляков, а также поддерживает местных производителей, активно участвуя в проекте Покупай тюменское.

Договорились, что продолжим совместную работу по привлечению в торговые сети компании продукции тюменского малого и среднего бизнеса. Есть планы реализации новых инвестпроектов в сфере торговли. Думаю, от этого выиграют все - и предприниматели, и производители, и тюменские потребители."
"Рассмотрел результаты модернизации муниципальной системы теплоснабжения в Ярковском районе. Все работы на территории муниципалитета выполняет компания Тюменский коммунальный сервис – дочернее предприятие СУЭНКО. С ней в 2020 году мы заключили концессионное соглашение. 

По условиям договора компания-концессионер должна построить и реконструировать 25 котельных, блочно-модульную насосную станцию в селе Ярково и заменить почти 9 км тепловых сетей. Общий объем инвестиций – более 355 млн рублей. 

За три года значительный объем из запланированных работ уже выполнен. Результат заметный. Коммунальщики сумели сократить объем потребляемого ресурса и снизить теплопотери. Только экономия электроэнергии достигла 37 %! Концессионер делает все быстро и качественно. Ведь потом именно эта компания обслуживает котельные и эксплуатирует сети.

Осмотрел в Ярково центральную котельную и диспетчерский пункт управления. Большинство процессов автоматизировано, в зависимости от температуры на улице регулируется подача тепла. Оператор дистанционно следит за работой сразу нескольких объектов. Информация обо всех неполадках тут же выводится на экран.

Концессионных соглашений в ЖКХ региона у нас уже 22. Уверен, их будет со временем больше. Ведь концессия – эффективный инструмент для взаимодействия с инвестором, обладающим высокой квалификацией в сфере модернизации коммунального хозяйства."
""
""
""
""
"Первая свая в основание нового завода на тобольской промышленной площадке установлена! Вместе с Министром энергетики России Николаем Шульгиновым, полпредом президента России в УрФО Владимиром Якушевым и председателем правления компании СИБУР Михаилом Карисаловым дали старт строительству комплекса по производству полипропилена. Это уже третий этап развития полимерного направления нефтегазохимии в древней столице Сибири. 

Запуск проекта увеличит глубину переработки углеводородного сырья, создаст продукцию с высокой добавленной стоимостью. Новое производство полипропилена укрепит технологический суверенитет нашей страны. 

На заводе смогут работать 370 земляков, ещё около 2 тысяч рабочих мест будет создано в смежных отраслях. По прогнозам, только в течение 10 лет после запуска предприятие перечислит около 100 млрд рублей налогов. После реализации проекта объём инвестиций СИБУРа в экономику нашего региона перевалит за триллион рублей.

Проект поддержан правительством Российской Федерации. Тюменская область, со своей стороны, также окажет инвестору помощь, прежде всего в виде налоговых льгот.  

Компания СИБУР верна взятым на себя обязательствам по развитию тобольской промышленной площадки. Строительство нового производства – очередной важный этап поступательного развития региональной экономики."
"Подписал футбольный мяч на память о встрече юным футболистам Ялуторовского района сегодня во время рабочей поездки по муниципалитету. Ребята играли в футбол на новой спортплощадке.

Пожелал мальчишкам спортивной удачи и новых больших побед. Обещали не подвести!"
""
""
""
"Вместе с маленькой Лидой, которая была в образе символа Ялуторовского района - куклы Ярославы,перевернули очередную страницу летописи Ялуторовского района. Пожелали на следующую сотню лет району - развития и процветания! 

Понравилось, что на выставке достижений муниципалитета по случаю юбилея можно увидеть, как здесь оберегают и сохраняют уникальные народные промыслы, при этом широко используются современные информационные технологии."
""
""
"Сегодня столетний юбилей празднуют также жители Аромашевского
района. Поздравил земляков с этим знаменательным событием.

В этом году в Аромашево после реконструкции открылся сельский Дом культуры Капустник. Раньше он принадлежал местному профтехучилищу, со временем здание пришло в негодность. Здесь заменили кровлю и перекрытия, фундамент, пол, потолки. После ремонта площадь ДК увеличилась. Теперь это современное здание, где разместились театральная студия и зал хореографии.

Рядом с Домом культуры ведется благоустройство парка. На сегодня больше половины всего объема работ выполнено. Готовы дорожки, частично высадили кустарники. Уверен, общественное пространство будет востребованным у местных жителей.

До конца года 26 аромашевских семей отпразднуют новоселье. В селе будет сдан многоквартирный дом.

Аромашевский район динамично развивается. С каждым годом увеличиваются посевные площади. Населенные пункты газифицируются, в селах возводятся новые ФАПы. 

Пожелал жителям муниципалитета процветания и веры в свои силы."
""
""
""
""
""
""
""
"Принял решение провести дополнительный конкурс грантов для СОНКО, которые помогают участникам специальной военной операции и их семьям.

Такие общественные организации – незаменимые партнеры государственных структур. Они позволяют нашей системе поддержки ветеранов и их родных быть более гибкой. Ведь каждая жизненная ситуация уникальна, и нет семей с одинаковыми проблемами, которые можно решить по шаблону. 

У общественников есть интересные проекты. Знаю, что они помогают адаптироваться ветеранам к мирной жизни, оказывают социальную поддержку и психологическую помощь. Мы хотим, чтобы такие инициативы становились более масштабными, системными и эффективными.

Прием заявок на спецконкурс начнется 1 сентября 2023 года, общая сумма грантов – 25 млн рублей. Подробности можно найти здесь: "
"Наши студенты достойно выступили на международном фестивале университетского спорта в Екатеринбурге. В копилке Тюменской области – 2 золотые медали, 6 серебряных и 3 бронзовых.

Награды высшей пробы завоевали боксер Эмин Хатаев и пловчиха Елизавета Клеванович. В соревнованиях участвовали команды из ТюмГУ и ТВВИКУ.

Молодцы, ребята! Желаю новых побед и свершений!"
""
""
""
""
"Встретился с тюменскими участниками конкурса управленцев Лидеры России. Это руководители крупных компаний и их подразделений, сотрудники органов власти, основатели собственного бизнеса и общественники. 

В этом году организаторы добавили региональный этап. Мы предложили управленцам подумать, в каком направлении следует развивать тюменскую агломерацию. Получили интересные идеи. Например, объединить транспортную инфраструктуру города и района. Таким образом проезд до центра на общественном транспорте станет проще и быстрее. Также конкурсанты рассказали о проекте цифрового двойника территории. Это позволит более качественно планировать процессы. 

Земляки традиционно активно участвуют в Лидерах России. В этом сезоне конкурса Тюменская область заняла 8 место во Всероссийском рейтинге и 1 место в Уральском федеральном округе по качеству заявок.

Напомню, что конкурс управленцев – это флагманский проект платформы Россия – страна возможностей. Он проводится по инициативе президента Владимира Путина уже в пятый раз."
""
""
""
""
""
"Ушел настоящий мастер... Сегодня простился с почетным гражданином города Тюмени, заслуженным художником Российской Федерации Николаем Васильевичем Распоповым. Он – яркий представитель нашей местной школы скульпторов. Автор памятника Прощание в областном центре, въездного знака Тюмень летящая и многих-многих других. 

Спасибо за все, Николай Васильевич!"
""
"Тюменская область вошла в топ-10 регионов по приросту туристического потока в летний сезон. Это данные Российского союза туриндустрии. Положительная тенденция прослеживается по всему 2023 году. За прошедшие 8 месяцев к нам приехали 2 млн человек. Это на 10% больше чем за тот же период в 2022-м.

Понятно, что поездок стало больше в том числе и на фоне окончания пандемии. Но это не отменяет той работы, которую мы проводим - она нацелена на повышение привлекательности региона для туристов. И с каждым годом мест для отдыха, для изучения истории, природы в Тюменской области  все больше. И речь не только о крупных населенных пунктах. 

Приезжайте к нам в гости!"
"Сегодня работал в Юргинском районе. Побывал на двух производственных площадках компании Руском. У предприятия здесь в Юргинском племенной репродуктор и хозяйство по выращиванию зерна. Компания стабильно развивается, только за два года на репродукторе произведено почти 64 млн штук инкубационного яйца. Предприятие обеспечивает работает десятки жителей муниципалитета. 

Также осмотрел в Юргинском недавно открытый после реконструкции парк отдыха. Жители сами выбрали этот объект для благоустройства в результате рейтингового голосования. Работы завершились в июле. Получилось очень здорово. Дорожки для неспешных прогулок, цветочный фонтан, сцена летнего театра. Есть где приложить свои силы молодежи - здесь оборудовали памп-трек и футбольное поле. Парк не случайно называется Семейный. Днем гуляют мамы с детьми, вечером старшее поколение. 

Важно, что парк построен по инициативе жителей. Вместе с людьми мы обязательно продолжим создавать в наших селах современные общественные пространства, по уровню комфорта не отличающиеся от городских."
""
""
""
""
""
""
""
"Привет, вечерний Ишим! "
"Сегодня, в День знаний, вместе с ребятами, их родителями и учителями открыли в Ишиме новое здание школы 4. Ее масштабный капитальный ремонт продолжался полтора года. Вместо аварийного теперь на этом месте - современное, отвечающее всем требованиям здание. 

В классах установлено необходимое оборудование. Есть кабинет робототехники, универсальная мастерская по обработке дерева и металла, шахматный клуб, библиотека. Большая столовая, свой пищеблок, просторные спортивный и актовый залы. Условия отличные. Школа рассчитана на 600 учеников.   

Пожелал всем успехов в новом учебном году."
""
""
""
""
"Утро в Ишиме выдалось насыщенным. Перед линейкой заехал в Областную больницу 4. Передал врачам ключи от автомобиля скорой медицинской помощи класса С. Такой машины здесь раньше не было. Это реанимобиль, на котором можно транспортировать тяжелобольных пациентов.

При спасении жизни, когда счёт идёт на минуты или даже секунды, необходимо иметь под рукой специализированное оборудование. Уверен, что новый реанимобиль поможет ишимским врачам в их такой нужной для всех людей работе."
"Сегодня успел побывать на открытии школы еще и в Тюмени. Новое здание в жилом комплексе Плеханово рассчитано на 1500 учеников. Это самая большая школа в нашей области. Причем весь колоссальный объем работ строители завершили всего за полтора года.

Как снаружи, так и внутри школы 95 все выглядит очень здорово. Оцените сами на фото! Учиться в таком месте - одно удовольствие. Поздравил ребят, их родителей и учителей с Днем знаний и новосельем."
""
""
""
""
""
""
""
"Вторая половина рабочего дня вчера прошла в Югре. Вместе с губернатором Ханты-Мансийского автономного округа – Югры Натальей Владимировной Комаровой с профессиональным праздником поздравили ветеранов и работников ПАО Сургутнефтегаз и ООО Газпром трансгаз Сургут.

Каждая такая встреча, как правильно сказали виновники торжества, это праздник в кругу близких друзей, для которых наш топливно-энергетический комплекс – не просто профессия, а образ жизни и судьба. 

От имени тюменцев передал сотрудникам компаний Газпром трансгаз Сургут и Сургутнефтегаз и их руководителям – Олегу Викторовичу Ваховскому и Владимиру Леонидовичу Богданову, слова благодарности за их очень важный и нужный для земляков и всей страны труд. Они достойно продолжают путь легендарных первопроходцев.

День работников нефтяной и газовой промышленности отмечают дружно и вместе люди разных профессий. Еще раз убедился, как много общего у наших регионов. Югра, Ямал и Тюменская область – одна большая, сильная и крепкая команда."
""
""
""
""
""
"Лето позади. На кадрах – редкие минуты отдыха. Это мы вместе с нашим любимцем Вилли.

А как вы провели лето?"
""
"Россия - уникальная страна с замечательными людьми, богатым наследием и огромным потенциалом. Нам, безусловно, есть, чем гордиться.

По поручению президента страны с 4 ноября по 12 апреля в Москве на ВДНХ будет работать Международная выставка-форум Россия. Тюменская область готовится представить на ней свои достижения. 

На сайте  стартовало голосование за успехи нашего региона. Приглашаю вас поучаствовать! Вы можете поддержать тюменские предприятия, термальные курорты, фестивали, центры подготовки молодых ученых и спортсменов. Лучшие достижения представят на стенде на ВДНХ."
"Сегодня работаю на Ямале. Программа насыщенная. Поздравил с полувековым юбилеем супружеской жизни жителей Ноябрьска семью Новиковых - Виктора Васильевича и Надежду Егоровну.

Особенно значимо для четы Новиковых принимать поздравления в День работников нефтегазовой промышленности. Глава семьи более 15 лет проработал слесарем в Ноябрьскнефтегазе, вместе с женой он переехал на север еще в 1988 году. Воспитали двоих детей, а сегодня помогают и внукам. Их у Виктора Васильевича и Надежды Егоровны двое.

Вместе с губернатором Ямало-Ненецкого автономного округа Дмитрием Андреевичем Артюховым пожелали золотым юбилярам здоровья и еще долгих счастливых лет жизни."
"От имени тюменцев поздравил жителей Ноябрьска с Днем города, а всех ямальцев - с нашим общим праздником, Днем работников нефтяной и газовой промышленности. 

Дружба Ямала и Тюменской области с каждым годом все крепче, совместных проектов во благо земляков - больше."
""
""
""
""
"Съездил на Червишевское кладбище в Тюмени. Посетил сектор, где покоятся земляки, которые погибли при выполнении боевых задач в ходе специальной военной операции. Здесь бойцы из разных подразделений, но всех объединяет одно: в трудный час они встали на защиту Родины с оружием в руках.

Вместе с коллегами осмотрели территорию, ее надо благоустроить - заасфальтировать дорожки, оборудовать входную группу. Решили, что нужен памятный знак. Его проект на второй картинке. Дал необходимые поручения.

В планах также сделать мемориал в областном центре. Чуть позже соберемся с участниками боевых действий, обсудим детали и решим, каким он будет."
""
"Газораспределительная станция Ишим официально введена в эксплуатацию. Сегодня вместе с коллегами из группы компаний Газпром дали старт этому масштабному проекту. Новая ГРС в Ишимском районе значительно увеличит объемы голубого топлива, доступного потребителям.

Помимо самой станции, построены также два межпоселковых газопровода до деревни Воронина Ишимского района и поселка Новоселезнево Казанского района. Благодаря этому появилась техническая возможность газификации и догазификации свыше 30 населенных пунктов сразу в трех муниципалитетах. Необходимые объемы газа будут доступны промышленным и сельскохозяйственным предприятиям.

Мы и дальше продолжим реализацию региональной программы газификации. Это не только улучшает качество жизни людей, но и повышает инвестиционную привлекательность сельских территорий, способствует созданию новых производств и рабочих мест."
"В холодные месяцы платежка за отопление доходила до 10 тысяч рублей. Именно столько супруги Багинские из Ишимского района платили за электрокотел, чтобы отопить дом. После  все поменяется - те же расходы на отопление снизятся до 3 тысяч. Станислав Брониславович и Вера Яковлевна ждали подключения жилья к газу пять лет. 

Супруги пригласили в гости. Очень тепло пообщались. Глава семейства рассказал, что, как ветеран труда, воспользовался субсидией в 130 тысяч рублей на газификацию. Теперь все готово для подачи голубого топлива. 

Багинские переехали в Ишимский район из Омска уже на пенсии. Решили отдохнуть от суеты большого города. Здесь у них огород, пасека с пчелами, в ближайший лес ходят за грибами. Из свежих деревенских продуктов Вера Яковлевна печет вкуснейшие пироги. Супругам и раньше нравилось в Ишимском районе, а теперь, говорят, жить стало еще лучше."
""
""
""
""
""
""
"Ближайшее воскресенье станет важнейшим днем для нас всех. Мы выбираем дальнейший путь развития Тюменской области, Югры и Ямала. 

В Конституции участие в выборах – это право. Но именно сейчас очень важно каждому из нас воспользоваться этим правом, проявить гражданскую позицию, показать всему миру, что мы – сплочённый народ, и нас не победить.

В воскресенье я пойду на избирательный участок. Выполню свой гражданский долг. Потому что каждый голос важен для страны, для Тюменской области."
"На праздновании юбилея Тюменского района перед торжественной частью ко мне подошли двое школьников – Варвара Кашкарова и Александр Митин. 

С ними мы встречались ровно пять лет назад на 95-летии муниципалитета. Тогда, в 2018-м, ребята спросили, какую профессию выбрать. Варя хотела быть переводчиком, а Саша журналистом. Сейчас планы изменились. Варвара собирается быть педагогом, Александр – инженером. Пожелал, чтобы мечты сбылись. С такими целеустремленными ребятами у Тюменского района впереди светлое будущее."
""
